Date,Action_Target,Price,Position_State,Portfolio_Value
2019-10-31,FLAT,40129.05078125,0,100000.0
2019-11-01,FLAT,40165.03125,0,100000.0
2019-11-04,FLAT,40301.9609375,0,100000.0
2019-11-05,FLAT,40248.23046875,0,100000.0
2019-11-06,FLAT,40469.78125,0,100000.0
2019-11-07,FLAT,40653.73828125,0,100000.0
2019-11-08,FLAT,40323.609375,0,100000.0
2019-11-11,FLAT,40345.078125,0,100000.0
2019-11-13,FLAT,40116.05859375,0,100000.0
2019-11-14,FLAT,40286.48046875,0,100000.0
2019-11-15,FLAT,40356.69140625,0,100000.0
2019-11-18,FLAT,40284.19140625,0,100000.0
2019-11-19,FLAT,40469.69921875,0,100000.0
2019-11-20,FLAT,40651.640625,0,100000.0
2019-11-21,FLAT,40575.171875,0,100000.0
2019-11-22,FLAT,40359.41015625,0,100000.0
2019-11-25,FLAT,40889.23046875,0,100000.0
2019-11-26,FLAT,40821.30078125,0,100000.0
2019-11-27,FLAT,41020.609375,0,100000.0
2019-11-28,FLAT,41130.171875,0,100000.0
2019-11-29,FLAT,40793.80859375,0,100000.0
2019-12-02,FLAT,40802.171875,0,100000.0
2019-12-03,FLAT,40675.44921875,0,100000.0
2019-12-04,FLAT,40850.2890625,0,100000.0
2019-12-05,FLAT,40779.58984375,0,100000.0
2019-12-06,FLAT,40445.1484375,0,100000.0
2019-12-09,FLAT,40487.4296875,0,100000.0
2019-12-10,FLAT,40239.87890625,0,100000.0
2019-12-11,FLAT,40412.5703125,0,100000.0
2019-12-12,FLAT,40581.7109375,0,100000.0
2019-12-13,FLAT,41009.7109375,0,100000.0
2019-12-16,FLAT,40938.71875,0,100000.0
2019-12-17,FLAT,41352.171875,0,100000.0
2019-12-18,FLAT,41558.5703125,0,100000.0
2019-12-19,FLAT,41673.921875,0,100000.0
2019-12-20,FLAT,41681.5390625,0,100000.0
2019-12-23,FLAT,41642.66015625,0,100000.0
2019-12-24,FLAT,41461.26171875,0,100000.0
2019-12-26,FLAT,41163.76171875,0,100000.0
2019-12-27,FLAT,41575.140625,0,100000.0
2019-12-30,FLAT,41558.0,0,100000.0
2019-12-31,FLAT,41253.73828125,0,100000.0
2020-01-02,FLAT,41626.640625,0,100000.0
2020-01-03,FLAT,41464.609375,0,100000.0
2020-01-06,FLAT,40676.62890625,0,100000.0
2020-01-07,FLAT,40869.46875,0,100000.0
2020-01-08,FLAT,40817.73828125,0,100000.0
2020-01-09,FLAT,41452.3515625,0,100000.0
2020-01-10,FLAT,41599.71875,0,100000.0
2020-01-13,FLAT,41859.69140625,0,100000.0
2020-01-14,FLAT,41952.62890625,0,100000.0
2020-01-15,FLAT,41872.73046875,0,100000.0
2020-01-16,FLAT,41932.55859375,0,100000.0
2020-01-17,FLAT,41945.37109375,0,100000.0
2020-01-20,FLAT,41528.91015625,0,100000.0
2020-01-21,FLAT,41323.80859375,0,100000.0
2020-01-22,FLAT,41115.37890625,0,100000.0
2020-01-23,FLAT,41386.3984375,0,100000.0
2020-01-24,FLAT,41613.19140625,0,100000.0
2020-01-27,FLAT,41155.12109375,0,100000.0
2020-01-28,FLAT,40966.859375,0,100000.0
2020-01-29,FLAT,41198.66015625,0,100000.0
2020-01-30,FLAT,40913.8203125,0,100000.0
2020-01-31,FLAT,40723.48828125,0,100000.0
2020-02-03,SHORT,39872.30859375,-1,98165.859375
2020-02-04,SHORT,40789.37890625,-1,97459.296875
2020-02-05,SHORT,41142.66015625,-1,97132.5546875
2020-02-06,SHORT,41306.03125,-1,97460.9140625
2020-02-07,SHORT,41141.8515625,-1,97785.375
2020-02-10,SHORT,40979.62109375,-1,97312.3359375
2020-02-11,SHORT,41216.140625,-1,97307.3359375
2020-02-12,SHORT,41565.8984375,-1,97519.5546875
2020-02-13,FLAT,41459.7890625,0,97514.5546875
2020-02-14,FLAT,41257.73828125,0,97514.5546875
2020-02-17,FLAT,41055.69140625,0,97514.5546875
2020-02-18,FLAT,40894.37890625,0,97514.5546875
2020-02-19,FLAT,41323.0,0,97514.5546875
2020-02-20,FLAT,41170.12109375,0,97514.5546875
2020-02-24,SHORT,40363.23046875,-1,97678.6171875
2020-02-25,SHORT,40281.19921875,-1,98463.09375
2020-02-26,SHORT,39888.9609375,-1,98749.6953125
2020-02-27,SHORT,39745.66015625,-1,101646.4375
2020-02-28,SHORT,38297.2890625,-1,101952.9765625
2020-03-02,SHORT,38144.01953125,-1,100993.6171875
2020-03-03,SHORT,38623.69921875,-1,100988.6171875
2020-03-04,SHORT,38409.48046875,-1,100866.359375
2020-03-05,FLAT,38470.609375,0,100861.359375
2020-03-06,SHORT,37576.62109375,-1,104744.703125
2020-03-09,SHORT,35634.94921875,-1,104619.8046875
2020-03-11,SHORT,35697.3984375,-1,110458.3203125
2020-03-12,SHORT,32778.140625,-1,107807.640625
2020-03-13,SHORT,34103.48046875,-1,113234.4609375
2020-03-16,SHORT,31390.0703125,-1,114856.421875
2020-03-17,SHORT,30579.08984375,-1,114851.421875
2020-03-18,SHORT,28869.509765625,-1,116595.259765625
2020-03-19,SHORT,28288.23046875,-1,111712.068359375
2020-03-20,SHORT,29915.9609375,-1,123516.23046875
2020-03-23,SHORT,25981.240234375,-1,121437.86328125
2020-03-24,FLAT,26674.029296875,0,121432.86328125
2020-03-25,LONG,28535.779296875,1,127076.82421875
2020-03-26,LONG,29946.76953125,1,126552.10546875
2020-03-27,LONG,29815.58984375,1,121051.02734375
2020-03-30,LONG,28440.3203125,1,125163.70703125
2020-03-31,LONG,29468.490234375,1,120350.98828125
2020-04-01,LONG,28265.310546875,1,117653.54296875
2020-04-03,LONG,27590.94921875,1,117648.54296875
2020-04-07,LONG,30067.2109375,1,117128.79296875
2020-04-08,SHORT,29893.9609375,-1,113326.818359375
2020-04-09,SHORT,31159.619140625,-1,114735.6171875
2020-04-13,SHORT,30690.01953125,-1,115666.244140625
2020-04-15,SHORT,30379.810546875,-1,114997.84765625
2020-04-16,SHORT,30602.609375,-1,112039.513671875
2020-04-17,SHORT,31588.720703125,-1,111861.67578125
2020-04-20,SHORT,31648.0,-1,111856.67578125
2020-04-21,SHORT,30636.7109375,-1,109628.15625
2020-04-22,LONG,31379.55078125,1,111073.744140625
2020-04-23,LONG,31863.080078125,1,109466.166015625
2020-04-24,LONG,31327.220703125,1,110713.744140625
2020-04-27,LONG,31743.080078125,1,111828.0625
2020-04-28,LONG,32114.51953125,1,113644.984375
2020-04-29,LONG,32720.16015625,1,116637.3671875
2020-04-30,LONG,33717.62109375,1,116632.3671875
2020-05-04,LONG,31715.349609375,1,115846.84765625
2020-05-05,SHORT,31453.509765625,-1,115145.126953125
2020-05-06,SHORT,31685.75,-1,115872.234375
2020-05-07,SHORT,31443.380859375,-1,115274.279296875
2020-05-08,SHORT,31642.69921875,-1,115518.71484375
2020-05-11,SHORT,31561.220703125,-1,116089.01953125
2020-05-12,SHORT,31371.119140625,-1,114176.548828125
2020-05-13,SHORT,32008.609375,-1,114171.548828125
2020-05-14,SHORT,31122.890625,-1,114247.029296875
2020-05-15,LONG,31097.73046875,1,111035.779296875
2020-05-18,LONG,30028.98046875,1,111537.34765625
2020-05-19,LONG,30196.169921875,1,113404.666015625
2020-05-20,LONG,30818.609375,1,113747.5390625
2020-05-21,LONG,30932.900390625,1,112966.607421875
2020-05-22,LONG,30672.58984375,1,112776.740234375
2020-05-26,LONG,30609.30078125,1,112771.740234375
2020-05-27,LONG,31605.220703125,1,114557.84765625
2020-05-28,SHORT,32200.58984375,-1,113882.318359375
2020-05-29,SHORT,32424.099609375,-1,111244.05859375
2020-06-01,SHORT,33303.51953125,-1,109678.0234375
2020-06-02,SHORT,33825.53125,-1,108826.0
2020-06-03,SHORT,34109.5390625,-1,109212.51953125
2020-06-04,SHORT,33980.69921875,-1,108292.90234375
2020-06-05,SHORT,34287.23828125,-1,108287.90234375
2020-06-08,SHORT,34370.578125,-1,109529.5625
2020-06-09,LONG,33956.69140625,1,110395.640625
2020-06-10,LONG,34247.05078125,1,108269.6015625
2020-06-11,LONG,33538.37109375,1,108997.16015625
2020-06-12,LONG,33780.890625,1,107340.890625
2020-06-15,LONG,33228.80078125,1,108470.14453125
2020-06-16,LONG,33605.21875,1,108178.25390625
2020-06-17,LONG,33507.921875,1,108173.25390625
2020-06-18,LONG,34208.05078125,1,109744.29296875
2020-06-19,FLAT,34731.73046875,0,109739.29296875
2020-06-22,FLAT,34911.3203125,0,109739.29296875
2020-06-23,FLAT,35430.4296875,0,109739.29296875
2020-06-24,FLAT,34868.98046875,0,109739.29296875
2020-06-25,FLAT,34842.1015625,0,109739.29296875
2020-06-26,FLAT,35171.26953125,0,109739.29296875
2020-06-29,FLAT,34961.51953125,0,109739.29296875
2020-06-30,FLAT,34915.80078125,0,109739.29296875
2020-07-01,FLAT,35414.44921875,0,109739.29296875
2020-07-02,FLAT,35843.69921875,0,109739.29296875
2020-07-03,FLAT,36021.421875,0,109739.29296875
2020-07-06,FLAT,36487.28125,0,109739.29296875
2020-07-07,FLAT,36674.51953125,0,109739.29296875
2020-07-08,FLAT,36329.01171875,0,109739.29296875
2020-07-09,FLAT,36737.69140625,0,109739.29296875
2020-07-10,FLAT,36594.328125,0,109739.29296875
2020-07-13,FLAT,36693.69140625,0,109739.29296875
2020-07-14,SHORT,36033.05859375,-1,109683.04296875
2020-07-15,SHORT,36051.80859375,-1,108423.4296875
2020-07-16,SHORT,36471.6796875,-1,106778.046875
2020-07-17,SHORT,37020.140625,-1,105581.50390625
2020-07-20,SHORT,37418.98828125,-1,104047.484375
2020-07-21,SHORT,37930.328125,-1,104223.91015625
2020-07-22,SHORT,37871.51953125,-1,104218.91015625
2020-07-23,SHORT,38140.46875,-1,104242.05078125
2020-07-24,FLAT,38128.8984375,0,104237.05078125
2020-07-27,FLAT,37934.73046875,0,104237.05078125
2020-07-28,FLAT,38492.94921875,0,104237.05078125
2020-07-29,LONG,38071.12890625,1,103566.93359375
2020-07-30,LONG,37736.0703125,1,103308.57421875
2020-07-31,LONG,37606.890625,1,101973.99609375
2020-08-03,LONG,36939.6015625,1,103470.61328125
2020-08-04,LONG,37687.91015625,1,103421.44921875
2020-08-05,LONG,37663.328125,1,104145.69140625
2020-08-06,LONG,38025.44921875,1,104140.69140625
2020-08-07,LONG,38040.5703125,1,104423.70703125
2020-08-10,SHORT,38182.078125,-1,103968.83984375
2020-08-11,SHORT,38407.01171875,-1,104043.60546875
2020-08-12,SHORT,38369.62890625,-1,104161.88671875
2020-08-13,SHORT,38310.48828125,-1,105028.18359375
2020-08-14,SHORT,37877.33984375,-1,104681.30078125
2020-08-17,SHORT,38050.78125,-1,103726.22265625
2020-08-18,SHORT,38528.3203125,-1,103721.22265625
2020-08-19,SHORT,38614.7890625,-1,104510.01953125
2020-08-20,LONG,38220.390625,1,104933.67578125
2020-08-21,LONG,38434.71875,1,105662.39453125
2020-08-24,LONG,38799.078125,1,105751.99609375
2020-08-25,LONG,38843.87890625,1,106212.08203125
2020-08-26,LONG,39073.921875,1,106291.17578125
2020-08-27,LONG,39113.46875,1,106998.85546875
2020-08-28,LONG,39467.30859375,1,106993.85546875
2020-08-31,LONG,38628.2890625,1,107538.87890625
2020-09-01,SHORT,38900.80078125,-1,107163.41796875
2020-09-02,SHORT,39086.03125,-1,107353.59765625
2020-09-03,SHORT,38990.94140625,-1,108621.12109375
2020-09-04,SHORT,38357.1796875,-1,108501.01953125
2020-09-07,SHORT,38417.23046875,-1,108604.77734375
2020-09-08,SHORT,38365.3515625,-1,108947.63671875
2020-09-09,SHORT,38193.921875,-1,108942.63671875
2020-09-10,SHORT,38840.3203125,-1,108914.17578125
2020-09-11,FLAT,38854.55078125,0,108909.17578125
2020-09-14,SHORT,38756.62890625,-1,108333.73046875
2020-09-15,SHORT,39044.3515625,-1,107816.73046875
2020-09-16,SHORT,39302.8515625,-1,108462.73046875
2020-09-17,SHORT,38979.8515625,-1,108730.79296875
2020-09-18,SHORT,38845.8203125,-1,110354.15234375
2020-09-21,SHORT,38034.140625,-1,110954.27734375
2020-09-22,SHORT,37734.078125,-1,110949.27734375
2020-09-23,SHORT,37668.421875,-1,113178.91796875
2020-09-24,SHORT,36553.6015625,-1,111508.80078125
2020-09-25,SHORT,37388.66015625,-1,110322.86328125
2020-09-28,FLAT,37981.62890625,0,110317.86328125
2020-09-29,SHORT,37973.21875,-1,110128.44140625
2020-09-30,SHORT,38067.9296875,-1,108870.19921875
2020-10-01,SHORT,38697.05078125,-1,108316.90234375
2020-10-05,SHORT,38973.69921875,-1,107115.16015625
2020-10-06,SHORT,39574.5703125,-1,106506.40234375
2020-10-07,SHORT,39878.94921875,-1,105898.95703125
2020-10-08,SHORT,40182.671875,-1,105893.95703125
2020-10-09,SHORT,40509.48828125,-1,105725.33203125
2020-10-12,FLAT,40593.80078125,0,105720.33203125
2020-10-13,FLAT,40625.51171875,0,105720.33203125
2020-10-14,FLAT,40794.73828125,0,105720.33203125
2020-10-15,LONG,39728.41015625,1,106229.47265625
2020-10-16,LONG,39982.98046875,1,107126.71484375
2020-10-19,LONG,40431.6015625,1,107352.25390625
2020-10-20,LONG,40544.37109375,1,107678.12890625
2020-10-21,LONG,40707.30859375,1,107380.48828125
2020-10-22,LONG,40558.48828125,1,107634.51171875
2020-10-23,LONG,40685.5,1,107629.51171875
2020-10-26,LONG,40145.5,1,108382.71484375
2020-10-27,SHORT,40522.1015625,-1,109576.99609375
2020-10-28,SHORT,39922.4609375,-1,109922.21484375
2020-10-29,SHORT,39749.8515625,-1,110193.77734375
2020-10-30,SHORT,39614.0703125,-1,109906.76171875
2020-11-02,SHORT,39757.578125,-1,108899.66015625
2020-11-03,SHORT,40261.12890625,-1,108189.63671875
2020-11-04,SHORT,40616.140625,-1,108184.63671875
2020-11-05,SHORT,41340.16015625,-1,107078.83984375
2020-11-06,FLAT,41893.05859375,0,107073.83984375
2020-11-09,FLAT,42597.4296875,0,107073.83984375
2020-11-10,FLAT,43277.6484375,0,107073.83984375
2020-11-11,FLAT,43593.671875,0,107073.83984375
2020-11-12,FLAT,43357.19140625,0,107073.83984375
2020-11-13,FLAT,43443.0,0,107073.83984375
2020-11-17,FLAT,43952.7109375,0,107073.83984375
2020-11-18,FLAT,44180.05078125,0,107073.83984375
2020-11-19,FLAT,43599.9609375,0,107073.83984375
2020-11-20,FLAT,43882.25,0,107073.83984375
2020-11-23,FLAT,44077.1484375,0,107073.83984375
2020-11-24,FLAT,44523.01953125,0,107073.83984375
2020-11-25,FLAT,43828.1015625,0,107073.83984375
2020-11-26,FLAT,44259.73828125,0,107073.83984375
2020-11-27,FLAT,44149.71875,0,107073.83984375
2020-12-01,FLAT,44655.44140625,0,107073.83984375
2020-12-02,FLAT,44618.0390625,0,107073.83984375
2020-12-03,FLAT,44632.6484375,0,107073.83984375
2020-12-04,FLAT,45079.55078125,0,107073.83984375
2020-12-07,FLAT,45426.96875,0,107073.83984375
2020-12-08,FLAT,45608.51171875,0,107073.83984375
2020-12-09,FLAT,46103.5,0,107073.83984375
2020-12-10,FLAT,45959.87890625,0,107073.83984375
2020-12-11,FLAT,46099.01171875,0,107073.83984375
2020-12-14,FLAT,46253.4609375,0,107073.83984375
2020-12-15,FLAT,46263.171875,0,107073.83984375
2020-12-16,FLAT,46666.4609375,0,107073.83984375
2020-12-17,FLAT,46890.33984375,0,107073.83984375
2020-12-18,FLAT,46960.69140625,0,107073.83984375
2020-12-21,FLAT,45553.9609375,0,107073.83984375
2020-12-22,FLAT,46006.69140625,0,107073.83984375
2020-12-23,FLAT,46444.1796875,0,107073.83984375
2020-12-24,FLAT,46973.5390625,0,107073.83984375
2020-12-28,FLAT,47353.75,0,107073.83984375
2020-12-29,FLAT,47613.078125,0,107073.83984375
2020-12-30,FLAT,47746.21875,0,107073.83984375
2020-12-31,FLAT,47751.328125,0,107073.83984375
2021-01-01,FLAT,47868.98046875,0,107073.83984375
2021-01-04,FLAT,48176.80078125,0,107073.83984375
2021-01-05,FLAT,48437.78125,0,107073.83984375
2021-01-06,FLAT,48174.05859375,0,107073.83984375
2021-01-07,FLAT,48093.3203125,0,107073.83984375
2021-01-08,FLAT,48782.51171875,0,107073.83984375
2021-01-11,FLAT,49269.3203125,0,107073.83984375
2021-01-12,FLAT,49517.109375,0,107073.83984375
2021-01-13,FLAT,49492.3203125,0,107073.83984375
2021-01-14,FLAT,49584.16015625,0,107073.83984375
2021-01-15,FLAT,49034.671875,0,107073.83984375
2021-01-18,FLAT,48564.26953125,0,107073.83984375
2021-01-19,FLAT,49398.2890625,0,107073.83984375
2021-01-20,FLAT,49792.12109375,0,107073.83984375
2021-01-21,FLAT,49624.76171875,0,107073.83984375
2021-01-22,FLAT,48878.5390625,0,107073.83984375
2021-01-25,FLAT,48347.58984375,0,107073.83984375
2021-01-27,FLAT,47409.9296875,0,107073.83984375
2021-01-28,FLAT,46874.359375,0,107073.83984375
2021-01-29,FLAT,46285.76953125,0,107073.83984375
2021-02-01,FLAT,48600.609375,0,107073.83984375
2021-02-02,FLAT,49797.71875,0,107073.83984375
2021-02-03,FLAT,50255.75,0,107073.83984375
2021-02-04,FLAT,50614.2890625,0,107073.83984375
2021-02-05,FLAT,50731.62890625,0,107073.83984375
2021-02-08,FLAT,51348.76953125,0,107073.83984375
2021-02-09,FLAT,51329.078125,0,107073.83984375
2021-02-10,FLAT,51309.390625,0,107073.83984375
2021-02-11,FLAT,51531.51953125,0,107073.83984375
2021-02-12,FLAT,51544.30078125,0,107073.83984375
2021-02-15,FLAT,52154.12890625,0,107073.83984375
2021-02-16,FLAT,52104.171875,0,107073.83984375
2021-02-17,FLAT,51703.828125,0,107073.83984375
2021-02-18,FLAT,51324.69140625,0,107073.83984375
2021-02-19,FLAT,50889.76171875,0,107073.83984375
2021-02-22,FLAT,49744.3203125,0,107073.83984375
2021-02-23,FLAT,49751.41015625,0,107073.83984375
2021-02-24,FLAT,50781.69140625,0,107073.83984375
2021-02-25,FLAT,51039.30859375,0,107073.83984375
2021-02-26,FLAT,49099.98828125,0,107073.83984375
2021-03-01,FLAT,49849.83984375,0,107073.83984375
2021-03-02,FLAT,50296.890625,0,107073.83984375
2021-03-03,FLAT,51444.6484375,0,107073.83984375
2021-03-04,FLAT,50846.078125,0,107073.83984375
2021-03-05,FLAT,50405.3203125,0,107073.83984375
2021-03-08,FLAT,50441.0703125,0,107073.83984375
2021-03-09,FLAT,51025.48046875,0,107073.83984375
2021-03-10,FLAT,51279.51171875,0,107073.83984375
2021-03-12,FLAT,50792.078125,0,107073.83984375
2021-03-15,FLAT,50395.078125,0,107073.83984375
2021-03-16,FLAT,50363.9609375,0,107073.83984375
2021-03-17,FLAT,49801.62109375,0,107073.83984375
2021-03-18,FLAT,49216.51953125,0,107073.83984375
2021-03-19,FLAT,49858.23828125,0,107073.83984375
2021-03-22,FLAT,49771.2890625,0,107073.83984375
2021-03-23,FLAT,50051.44140625,0,107073.83984375
2021-03-24,FLAT,49180.30859375,0,107073.83984375
2021-03-25,FLAT,48440.12109375,0,107073.83984375
2021-03-26,FLAT,49008.5,0,107073.83984375
2021-03-30,FLAT,50136.578125,0,107073.83984375
2021-03-31,FLAT,49509.1484375,0,107073.83984375
2021-04-01,FLAT,50029.828125,0,107073.83984375
2021-04-05,FLAT,49159.3203125,0,107073.83984375
2021-04-06,FLAT,49201.390625,0,107073.83984375
2021-04-07,FLAT,49661.76171875,0,107073.83984375
2021-04-08,FLAT,49746.2109375,0,107073.83984375
2021-04-09,FLAT,49591.3203125,0,107073.83984375
2021-04-12,SHORT,47883.37890625,-1,105752.48046875
2021-04-13,SHORT,48544.05859375,-1,105233.23828125
2021-04-15,SHORT,48803.6796875,-1,105176.53515625
2021-04-16,SHORT,48832.03125,-1,106941.75390625
2021-04-19,SHORT,47949.421875,-1,107428.99609375
2021-04-20,SHORT,47705.80078125,-1,106679.25390625
2021-04-22,SHORT,48080.671875,-1,106674.25390625
2021-04-23,SHORT,47878.44921875,-1,105658.12890625
2021-04-26,FLAT,48386.51171875,0,105653.12890625
2021-04-27,FLAT,48944.140625,0,105653.12890625
2021-04-28,FLAT,49733.83984375,0,105653.12890625
2021-04-29,FLAT,49765.94140625,0,105653.12890625
2021-04-30,FLAT,48782.359375,0,105653.12890625
2021-05-03,FLAT,48718.51953125,0,105653.12890625
2021-05-04,FLAT,48253.51171875,0,105653.12890625
2021-05-05,FLAT,48677.55078125,0,105653.12890625
2021-05-06,FLAT,48949.76171875,0,105653.12890625
2021-05-10,FLAT,49502.41015625,0,105653.12890625
2021-05-11,FLAT,49161.80859375,0,105653.12890625
2021-05-12,FLAT,48690.80078125,0,105653.12890625
2021-05-14,FLAT,48732.55078125,0,105653.12890625
2021-05-17,FLAT,49580.73046875,0,105653.12890625
2021-05-18,FLAT,50193.328125,0,105653.12890625
2021-05-19,FLAT,49902.640625,0,105653.12890625
2021-05-20,FLAT,49564.859375,0,105653.12890625
2021-05-21,FLAT,50540.48046875,0,105653.12890625
2021-05-24,FLAT,50651.8984375,0,105653.12890625
2021-05-25,FLAT,50637.53125,0,105653.12890625
2021-05-26,FLAT,51017.51953125,0,105653.12890625
2021-05-27,FLAT,51115.21875,0,105653.12890625
2021-05-28,FLAT,51422.87890625,0,105653.12890625
2021-05-31,FLAT,51937.44140625,0,105653.12890625
2021-06-01,FLAT,51934.87890625,0,105653.12890625
2021-06-02,FLAT,51849.48046875,0,105653.12890625
2021-06-03,FLAT,52232.4296875,0,105653.12890625
2021-06-04,FLAT,52100.05078125,0,105653.12890625
2021-06-07,FLAT,52328.51171875,0,105653.12890625
2021-06-08,FLAT,52275.5703125,0,105653.12890625
2021-06-09,FLAT,51941.640625,0,105653.12890625
2021-06-10,FLAT,52300.46875,0,105653.12890625
2021-06-11,FLAT,52474.76171875,0,105653.12890625
2021-06-14,FLAT,52551.53125,0,105653.12890625
2021-06-15,FLAT,52773.05078125,0,105653.12890625
2021-06-16,FLAT,52501.98046875,0,105653.12890625
2021-06-17,FLAT,52323.328125,0,105653.12890625
2021-06-18,FLAT,52344.44921875,0,105653.12890625
2021-06-21,FLAT,52574.4609375,0,105653.12890625
2021-06-22,FLAT,52588.7109375,0,105653.12890625
2021-06-23,FLAT,52306.078125,0,105653.12890625
2021-06-24,FLAT,52699.0,0,105653.12890625
2021-06-25,FLAT,52925.0390625,0,105653.12890625
2021-06-28,FLAT,52735.58984375,0,105653.12890625
2021-06-29,FLAT,52549.66015625,0,105653.12890625
2021-06-30,FLAT,52482.7109375,0,105653.12890625
2021-07-01,FLAT,52318.6015625,0,105653.12890625
2021-07-02,FLAT,52484.671875,0,105653.12890625
2021-07-05,FLAT,52880.0,0,105653.12890625
2021-07-06,FLAT,52861.1796875,0,105653.12890625
2021-07-07,FLAT,53054.76171875,0,105653.12890625
2021-07-08,FLAT,52568.94140625,0,105653.12890625
2021-07-09,FLAT,52386.19140625,0,105653.12890625
2021-07-12,FLAT,52372.69140625,0,105653.12890625
2021-07-13,FLAT,52769.73046875,0,105653.12890625
2021-07-14,FLAT,52904.05078125,0,105653.12890625
2021-07-15,FLAT,53158.8515625,0,105653.12890625
2021-07-16,FLAT,53140.05859375,0,105653.12890625
2021-07-19,FLAT,52553.3984375,0,105653.12890625
2021-07-20,SHORT,52198.51171875,-1,104375.73046875
2021-07-22,SHORT,52837.2109375,-1,104098.55078125
2021-07-23,SHORT,52975.80078125,-1,104345.61328125
2021-07-26,SHORT,52852.26953125,-1,104892.62890625
2021-07-27,SHORT,52578.76171875,-1,105162.73046875
2021-07-28,SHORT,52443.7109375,-1,104744.01171875
2021-07-29,SHORT,52653.0703125,-1,104739.01171875
2021-07-30,SHORT,52586.83984375,-1,104375.22265625
2021-08-02,FLAT,52950.62890625,0,104370.22265625
2021-08-03,FLAT,53823.359375,0,104370.22265625
2021-08-04,FLAT,54369.76953125,0,104370.22265625
2021-08-05,FLAT,54492.83984375,0,104370.22265625
2021-08-06,FLAT,54277.71875,0,104370.22265625
2021-08-09,FLAT,54402.8515625,0,104370.22265625
2021-08-10,FLAT,54554.66015625,0,104370.22265625
2021-08-11,FLAT,54525.9296875,0,104370.22265625
2021-08-12,FLAT,54843.98046875,0,104370.22265625
2021-08-13,FLAT,55437.2890625,0,104370.22265625
2021-08-16,FLAT,55582.578125,0,104370.22265625
2021-08-17,FLAT,55792.26953125,0,104370.22265625
2021-08-18,FLAT,55629.48828125,0,104370.22265625
2021-08-20,FLAT,55329.3203125,0,104370.22265625
2021-08-23,FLAT,55555.7890625,0,104370.22265625
2021-08-24,FLAT,55958.98046875,0,104370.22265625
2021-08-25,FLAT,55944.2109375,0,104370.22265625
2021-08-26,FLAT,55949.1015625,0,104370.22265625
2021-08-27,FLAT,56124.71875,0,104370.22265625
2021-08-30,FLAT,56889.76171875,0,104370.22265625
2021-08-31,FLAT,57552.390625,0,104370.22265625
2021-09-01,FLAT,57338.2109375,0,104370.22265625
2021-09-02,FLAT,57852.5390625,0,104370.22265625
2021-09-03,FLAT,58129.94921875,0,104370.22265625
2021-09-06,FLAT,58296.91015625,0,104370.22265625
2021-09-07,FLAT,58279.48046875,0,104370.22265625
2021-09-08,FLAT,58250.26171875,0,104370.22265625
2021-09-09,FLAT,58305.0703125,0,104370.22265625
2021-09-13,FLAT,58177.76171875,0,104370.22265625
2021-09-14,FLAT,58247.08984375,0,104370.22265625
2021-09-15,FLAT,58723.19921875,0,104370.22265625
2021-09-16,FLAT,59141.16015625,0,104370.22265625
2021-09-17,FLAT,59015.890625,0,104370.22265625
2021-09-20,FLAT,58490.9296875,0,104370.22265625
2021-09-21,FLAT,59005.26953125,0,104370.22265625
2021-09-22,FLAT,58927.328125,0,104370.22265625
2021-09-23,FLAT,59885.359375,0,104370.22265625
2021-09-24,FLAT,60048.46875,0,104370.22265625
2021-09-27,FLAT,60077.87890625,0,104370.22265625
2021-09-28,FLAT,59667.6015625,0,104370.22265625
2021-09-29,FLAT,59413.26953125,0,104370.22265625
2021-09-30,FLAT,59126.359375,0,104370.22265625
2021-10-01,FLAT,58765.578125,0,104370.22265625
2021-10-04,FLAT,59299.3203125,0,104370.22265625
2021-10-05,FLAT,59744.87890625,0,104370.22265625
2021-10-06,FLAT,59189.73046875,0,104370.22265625
2021-10-07,FLAT,59677.828125,0,104370.22265625
2021-10-08,FLAT,60059.05859375,0,104370.22265625
2021-10-11,FLAT,60135.78125,0,104370.22265625
2021-10-12,FLAT,60284.30859375,0,104370.22265625
2021-10-13,FLAT,60737.05078125,0,104370.22265625
2021-10-14,FLAT,61305.94921875,0,104370.22265625
2021-10-18,FLAT,61765.58984375,0,104370.22265625
2021-10-19,FLAT,61716.05078125,0,104370.22265625
2021-10-20,FLAT,61259.9609375,0,104370.22265625
2021-10-21,FLAT,60923.5,0,104370.22265625
2021-10-22,FLAT,60821.62109375,0,104370.22265625
2021-10-25,FLAT,60967.05078125,0,104370.22265625
2021-10-26,FLAT,61350.26171875,0,104370.22265625
2021-10-27,FLAT,61143.328125,0,104370.22265625
2021-10-28,FLAT,59984.69921875,0,104370.22265625
2021-10-29,FLAT,59306.9296875,0,104370.22265625
2021-11-01,FLAT,60138.4609375,0,104370.22265625
2021-11-02,FLAT,60029.05859375,0,104370.22265625
2021-11-03,FLAT,59771.921875,0,104370.22265625
2021-11-04,FLAT,60067.62109375,0,104370.22265625
2021-11-08,FLAT,60545.609375,0,104370.22265625
2021-11-09,FLAT,60433.44921875,0,104370.22265625
2021-11-10,FLAT,60352.8203125,0,104370.22265625
2021-11-11,FLAT,59919.69140625,0,104370.22265625
2021-11-12,FLAT,60686.69140625,0,104370.22265625
2021-11-15,FLAT,60718.7109375,0,104370.22265625
2021-11-16,FLAT,60322.37109375,0,104370.22265625
2021-11-17,FLAT,60008.328125,0,104370.22265625
2021-11-18,FLAT,59636.01171875,0,104370.22265625
2021-11-22,SHORT,58465.890625,-1,104171.78515625
2021-11-23,SHORT,58664.328125,-1,104495.125
2021-11-24,SHORT,58340.98828125,-1,104041.0234375
2021-11-25,SHORT,58795.08984375,-1,105728.96484375
2021-11-26,SHORT,57107.1484375,-1,105575.53515625
2021-11-29,SHORT,57260.578125,-1,105771.2421875
2021-11-30,SHORT,57064.87109375,-1,105766.2421875
2021-12-01,SHORT,57684.7890625,-1,104989.7421875
2021-12-02,FLAT,58461.2890625,0,104984.7421875
2021-12-03,FLAT,57696.4609375,0,104984.7421875
2021-12-06,SHORT,56747.140625,-1,104098.234375
2021-12-07,SHORT,57633.6484375,-1,103082.203125
2021-12-08,SHORT,58649.6796875,-1,102924.75390625
2021-12-09,SHORT,58807.12890625,-1,102945.2109375
2021-12-10,SHORT,58786.671875,-1,103448.4609375
2021-12-13,SHORT,58283.421875,-1,103614.79296875
2021-12-14,SHORT,58117.08984375,-1,103609.79296875
2021-12-15,SHORT,57788.03125,-1,103496.68359375
2021-12-16,FLAT,57901.140625,0,103491.68359375
2021-12-17,FLAT,57011.73828125,0,103491.68359375
2021-12-20,SHORT,55822.01171875,-1,102994.68359375
2021-12-21,SHORT,56319.01171875,-1,102383.13671875
2021-12-22,SHORT,56930.55859375,-1,101998.4140625
2021-12-23,SHORT,57315.28125,-1,102189.38671875
2021-12-24,SHORT,57124.30859375,-1,101893.45703125
2021-12-27,SHORT,57420.23828125,-1,101416.21484375
2021-12-28,SHORT,57897.48046875,-1,101411.21484375
2021-12-29,SHORT,57806.48828125,-1,101423.3828125
2021-12-30,FLAT,57794.3203125,0,101418.3828125
2021-12-31,FLAT,58253.8203125,0,101418.3828125
2022-01-03,FLAT,59183.21875,0,101418.3828125
2022-01-04,FLAT,59855.9296875,0,101418.3828125
2022-01-05,FLAT,60223.1484375,0,101418.3828125
2022-01-06,FLAT,59601.83984375,0,101418.3828125
2022-01-07,FLAT,59744.6484375,0,101418.3828125
2022-01-10,FLAT,60395.62890625,0,101418.3828125
2022-01-11,FLAT,60616.890625,0,101418.3828125
2022-01-12,FLAT,61150.0390625,0,101418.3828125
2022-01-13,FLAT,61235.30078125,0,101418.3828125
2022-01-14,FLAT,61223.03125,0,101418.3828125
2022-01-17,FLAT,61308.91015625,0,101418.3828125
2022-01-18,FLAT,60754.859375,0,101418.3828125
2022-01-19,FLAT,60098.8203125,0,101418.3828125
2022-01-20,FLAT,59464.62109375,0,101418.3828125
2022-01-21,FLAT,59037.1796875,0,101418.3828125
2022-01-24,FLAT,57491.51171875,0,101418.3828125
2022-01-25,FLAT,57858.1484375,0,101418.3828125
2022-01-27,FLAT,57276.94140625,0,101418.3828125
2022-01-28,FLAT,57200.23046875,0,101418.3828125
2022-01-31,FLAT,58014.171875,0,101418.3828125
2022-02-01,FLAT,58862.5703125,0,101418.3828125
2022-02-02,FLAT,59558.328125,0,101418.3828125
2022-02-03,FLAT,58788.01953125,0,101418.3828125
2022-02-04,FLAT,58644.8203125,0,101418.3828125
2022-02-07,FLAT,57621.19140625,0,101418.3828125
2022-02-08,FLAT,57808.578125,0,101418.3828125
2022-02-09,FLAT,58465.96875,0,101418.3828125
2022-02-10,FLAT,58926.03125,0,101418.3828125
2022-02-11,FLAT,58152.921875,0,101418.3828125
2022-02-14,SHORT,56405.83984375,-1,99682.171875
2022-02-15,SHORT,58142.05078125,-1,99827.54296875
2022-02-16,SHORT,57996.6796875,-1,99932.2109375
2022-02-17,SHORT,57892.01171875,-1,99991.25390625
2022-02-18,SHORT,57832.96875,-1,100140.6328125
2022-02-21,SHORT,57683.58984375,-1,100523.54296875
2022-02-22,SHORT,57300.6796875,-1,100518.54296875
2022-02-23,SHORT,57232.05859375,-1,103220.69140625
2022-02-24,LONG,54529.91015625,1,104544.30078125
2022-02-25,LONG,55858.51953125,1,104933.0625
2022-02-28,LONG,56247.28125,1,104154.6796875
2022-03-02,LONG,55468.8984375,1,103788.4609375
2022-03-03,LONG,55102.6796875,1,103019.58984375
2022-03-04,LONG,54333.80859375,1,101528.53125
2022-03-07,LONG,52842.75,1,101523.53125
2022-03-08,LONG,53424.08984375,1,102746.76953125
2022-03-09,FLAT,54647.328125,0,102741.76953125
2022-03-10,FLAT,55464.390625,0,102741.76953125
2022-03-11,FLAT,55550.30078125,0,102741.76953125
2022-03-14,FLAT,56486.01953125,0,102741.76953125
2022-03-15,FLAT,55776.8515625,0,102741.76953125
2022-03-16,FLAT,56816.6484375,0,102741.76953125
2022-03-17,FLAT,57863.9296875,0,102741.76953125
2022-03-21,FLAT,57292.48828125,0,102741.76953125
2022-03-22,FLAT,57989.30078125,0,102741.76953125
2022-03-23,FLAT,57684.8203125,0,102741.76953125
2022-03-24,FLAT,57595.6796875,0,102741.76953125
2022-03-25,FLAT,57362.19921875,0,102741.76953125
2022-03-28,FLAT,57593.48828125,0,102741.76953125
2022-03-29,FLAT,57943.6484375,0,102741.76953125
2022-03-30,FLAT,58683.98828125,0,102741.76953125
2022-03-31,FLAT,58568.51171875,0,102741.76953125
2022-04-01,FLAT,59276.69140625,0,102741.76953125
2022-04-04,FLAT,60611.73828125,0,102741.76953125
2022-04-05,FLAT,60176.5,0,102741.76953125
2022-04-06,FLAT,59610.41015625,0,102741.76953125
2022-04-07,FLAT,59034.94921875,0,102741.76953125
2022-04-08,FLAT,59447.1796875,0,102741.76953125
2022-04-11,FLAT,58964.5703125,0,102741.76953125
2022-04-12,FLAT,58576.37109375,0,102741.76953125
2022-04-13,FLAT,58338.9296875,0,102741.76953125
2022-04-18,FLAT,57166.73828125,0,102741.76953125
2022-04-19,FLAT,56463.1484375,0,102741.76953125
2022-04-20,FLAT,57037.5,0,102741.76953125
2022-04-21,FLAT,57911.6796875,0,102741.76953125
2022-04-22,FLAT,57197.1484375,0,102741.76953125
2022-04-25,FLAT,56579.890625,0,102741.76953125
2022-04-26,FLAT,57356.609375,0,102741.76953125
2022-04-27,FLAT,56819.390625,0,102741.76953125
2022-04-28,FLAT,57521.05859375,0,102741.76953125
2022-04-29,FLAT,57060.87109375,0,102741.76953125
2022-05-02,FLAT,56975.98828125,0,102741.76953125
2022-05-04,SHORT,55669.03125,-1,102708.5703125
2022-05-05,SHORT,55702.23046875,-1,103575.22265625
2022-05-06,SHORT,54835.578125,-1,103940.12890625
2022-05-09,SHORT,54470.671875,-1,104045.94921875
2022-05-10,SHORT,54364.8515625,-1,104322.41015625
2022-05-11,SHORT,54088.390625,-1,105480.4921875
2022-05-12,SHORT,52930.30859375,-1,105475.4921875
2022-05-13,SHORT,52793.62109375,-1,105295.2734375
2022-05-16,FLAT,52973.83984375,0,105290.2734375
2022-05-17,FLAT,54318.46875,0,105290.2734375
2022-05-18,FLAT,54208.53125,0,105290.2734375
2022-05-19,SHORT,52792.23046875,-1,103756.11328125
2022-05-20,SHORT,54326.390625,-1,103793.89453125
2022-05-23,SHORT,54288.609375,-1,104029.89453125
2022-05-24,SHORT,54052.609375,-1,104333.2421875
2022-05-25,SHORT,53749.26171875,-1,103829.97265625
2022-05-26,SHORT,54252.53125,-1,103197.84375
2022-05-27,SHORT,54884.66015625,-1,103192.84375
2022-05-30,SHORT,55925.73828125,-1,103552.171875
2022-05-31,FLAT,55566.41015625,0,103547.171875
2022-06-01,FLAT,55381.171875,0,103547.171875
2022-06-02,FLAT,55818.109375,0,103547.171875
2022-06-03,FLAT,55769.23046875,0,103547.171875
2022-06-06,FLAT,55675.3203125,0,103547.171875
2022-06-07,FLAT,55107.33984375,0,103547.171875
2022-06-08,FLAT,54892.48828125,0,103547.171875
2022-06-09,FLAT,55320.28125,0,103547.171875
2022-06-10,FLAT,54303.44140625,0,103547.171875
2022-06-13,SHORT,52846.69921875,-1,103700.30078125
2022-06-14,SHORT,52693.5703125,-1,103852.48046875
2022-06-15,SHORT,52541.390625,-1,104898.08203125
2022-06-16,SHORT,51495.7890625,-1,105033.44921875
2022-06-17,SHORT,51360.421875,-1,104796.03125
2022-06-20,SHORT,51597.83984375,-1,103861.80078125
2022-06-21,SHORT,52532.0703125,-1,103856.80078125
2022-06-22,SHORT,51822.53125,-1,102970.42578125
2022-06-23,LONG,52265.71875,1,103427.6875
2022-06-24,LONG,52727.98046875,1,103860.98828125
2022-06-27,LONG,53161.28125,1,103877.15625
2022-06-28,LONG,53177.44921875,1,103726.67578125
2022-06-29,LONG,53026.96875,1,103718.6484375
2022-06-30,LONG,53018.94140625,1,103607.63671875
2022-07-01,LONG,52907.9296875,1,103602.63671875
2022-07-04,LONG,53234.76953125,1,103502.21875
2022-07-05,SHORT,53134.3515625,-1,102880.6015625
2022-07-06,SHORT,53750.96875,-1,102453.109375
2022-07-07,SHORT,54178.4609375,-1,102149.73046875
2022-07-08,SHORT,54481.83984375,-1,102236.33984375
2022-07-11,SHORT,54395.23046875,-1,102744.9609375
2022-07-12,SHORT,53886.609375,-1,103117.421875
2022-07-13,SHORT,53514.1484375,-1,103112.421875
2022-07-14,SHORT,53416.1484375,-1,102767.7890625
2022-07-15,LONG,53760.78125,1,103523.15625
2022-07-18,LONG,54521.1484375,1,103769.62890625
2022-07-19,LONG,54767.62109375,1,104399.5390625
2022-07-20,LONG,55397.53125,1,104683.95703125
2022-07-21,LONG,55681.94921875,1,105074.23828125
2022-07-22,LONG,56072.23046875,1,104768.2265625
2022-07-25,LONG,55766.21875,1,104763.2265625
2022-07-26,LONG,55268.48828125,1,105311.05859375
2022-07-27,FLAT,55816.3203125,0,105306.05859375
2022-07-28,FLAT,56857.7890625,0,105306.05859375
2022-07-29,FLAT,57570.25,0,105306.05859375
2022-08-01,FLAT,58115.5,0,105306.05859375
2022-08-02,FLAT,58136.359375,0,105306.05859375
2022-08-03,FLAT,58350.53125,0,105306.05859375
2022-08-04,LONG,58298.80078125,1,105395.1875
2022-08-05,LONG,58387.9296875,1,105860.328125
2022-08-08,LONG,58853.0703125,1,105824.546875
2022-08-10,LONG,58817.2890625,1,106339.859375
2022-08-11,LONG,59332.6015625,1,106470.0390625
2022-08-12,LONG,59462.78125,1,106849.46875
2022-08-16,LONG,59842.2109375,1,106844.46875
2022-09-29,LONG,56409.9609375,1,107861.4296875
2022-09-30,SHORT,57426.921875,-1,108494.54296875
2022-10-03,SHORT,56788.80859375,-1,107217.8828125
2022-10-04,SHORT,58065.46875,-1,107061.25
2022-10-06,SHORT,58222.1015625,-1,107092.0625
2022-10-07,SHORT,58191.2890625,-1,107292.2421875
2022-10-10,SHORT,57991.109375,-1,108136.03125
2022-10-11,SHORT,57147.3203125,-1,108131.03125
2022-10-12,SHORT,57625.91015625,-1,108521.61328125
2022-10-13,FLAT,57235.328125,0,108516.61328125
2022-10-14,FLAT,57919.96875,0,108516.61328125
2022-10-17,FLAT,58410.98046875,0,108516.61328125
2022-10-18,FLAT,58960.6015625,0,108516.61328125
2022-10-19,FLAT,59107.19140625,0,108516.61328125
2022-10-20,FLAT,59202.8984375,0,108516.61328125
2022-10-21,FLAT,59307.1484375,0,108516.61328125
2022-10-24,FLAT,59831.66015625,0,108516.61328125
2022-10-25,FLAT,59543.9609375,0,108516.61328125
2022-10-27,FLAT,59756.83984375,0,108516.61328125
2022-10-28,FLAT,59959.8515625,0,108516.61328125
2022-10-31,FLAT,60746.58984375,0,108516.61328125
2022-11-01,FLAT,61121.3515625,0,108516.61328125
2022-11-02,FLAT,60906.08984375,0,108516.61328125
2022-11-03,FLAT,60836.41015625,0,108516.61328125
2022-11-04,FLAT,60950.359375,0,108516.61328125
2022-11-07,FLAT,61185.1484375,0,108516.61328125
2022-11-09,FLAT,61033.55078125,0,108516.61328125
2022-11-10,FLAT,60613.69921875,0,108516.61328125
2022-11-11,FLAT,61795.0390625,0,108516.61328125
2022-11-14,FLAT,61624.1484375,0,108516.61328125
2022-11-15,FLAT,61872.98828125,0,108516.61328125
2022-11-16,FLAT,61980.71875,0,108516.61328125
2022-11-17,FLAT,61750.6015625,0,108516.61328125
2022-11-18,FLAT,61663.48046875,0,108516.61328125
2022-11-21,FLAT,61144.83984375,0,108516.61328125
2022-11-22,FLAT,61418.9609375,0,108516.61328125
2022-11-23,FLAT,61510.578125,0,108516.61328125
2022-11-24,FLAT,62272.6796875,0,108516.61328125
2022-11-25,FLAT,62293.640625,0,108516.61328125
2022-11-28,FLAT,62504.80078125,0,108516.61328125
2022-11-29,FLAT,62681.83984375,0,108516.61328125
2022-11-30,FLAT,63099.6484375,0,108516.61328125
2022-12-01,FLAT,63284.19140625,0,108516.61328125
2022-12-02,FLAT,62868.5,0,108516.61328125
2022-12-05,FLAT,62834.6015625,0,108516.61328125
2022-12-06,FLAT,62626.359375,0,108516.61328125
2022-12-07,FLAT,62410.6796875,0,108516.61328125
2022-12-08,FLAT,62570.6796875,0,108516.61328125
2022-12-09,FLAT,62181.671875,0,108516.61328125
2022-12-12,FLAT,62130.5703125,0,108516.61328125
2022-12-13,FLAT,62533.30078125,0,108516.61328125
2022-12-14,FLAT,62677.91015625,0,108516.61328125
2022-12-15,FLAT,61799.03125,0,108516.61328125
2022-12-16,FLAT,61337.80859375,0,108516.61328125
2022-12-19,FLAT,61806.19140625,0,108516.61328125
2022-12-20,FLAT,61702.2890625,0,108516.61328125
2022-12-21,FLAT,61067.23828125,0,108516.61328125
2022-12-22,FLAT,60826.21875,0,108516.61328125
2022-12-23,SHORT,59845.2890625,-1,107795.48046875
2022-12-26,SHORT,60566.421875,-1,107434.47265625
2022-12-27,SHORT,60927.4296875,-1,107451.62109375
2022-12-28,SHORT,60910.28125,-1,107228.0234375
2022-12-29,SHORT,61133.87890625,-1,107521.1640625
2022-12-30,SHORT,60840.73828125,-1,107194.11328125
2023-01-02,SHORT,61167.7890625,-1,107189.11328125
2023-01-03,SHORT,61294.19921875,-1,107825.86328125
2023-01-04,FLAT,60657.44921875,0,107820.86328125
2023-01-05,FLAT,60353.26953125,0,107820.86328125
2023-01-06,SHORT,59900.37109375,-1,106973.92578125
2023-01-09,SHORT,60747.30859375,-1,107605.75390625
2023-01-10,SHORT,60115.48046875,-1,107615.734375
2023-01-11,SHORT,60105.5,-1,107763.203125
2023-01-12,SHORT,59958.03125,-1,107460.0546875
2023-01-13,SHORT,60261.1796875,-1,107628.265625
2023-01-16,SHORT,60092.96875,-1,107623.265625
2023-01-17,SHORT,60655.71875,-1,107233.24609375
2023-01-18,FLAT,61045.73828125,0,107228.24609375
2023-01-19,FLAT,60858.4296875,0,107228.24609375
2023-01-20,FLAT,60621.76953125,0,107228.24609375
2023-01-23,FLAT,60941.671875,0,107228.24609375
2023-01-24,FLAT,60978.75,0,107228.24609375
2023-01-25,FLAT,60205.05859375,0,107228.24609375
2023-01-27,SHORT,59330.8984375,-1,107058.734375
2023-01-30,SHORT,59500.41015625,-1,107009.24609375
2023-01-31,SHORT,59549.8984375,-1,106851.06640625
2023-02-01,SHORT,59708.078125,-1,106626.90625
2023-02-02,SHORT,59932.23828125,-1,105717.265625
2023-02-03,SHORT,60841.87890625,-1,106052.24609375
2023-02-06,SHORT,60506.8984375,-1,106047.24609375
2023-02-07,SHORT,60286.0390625,-1,105669.49609375
2023-02-08,FLAT,60663.7890625,0,105664.49609375
2023-02-09,FLAT,60806.21875,0,105664.49609375
2023-02-10,FLAT,60682.69921875,0,105664.49609375
2023-02-13,FLAT,60431.83984375,0,105664.49609375
2023-02-14,FLAT,61032.26171875,0,105664.49609375
2023-02-15,FLAT,61275.08984375,0,105664.49609375
2023-02-16,FLAT,61319.51171875,0,105664.49609375
2023-02-17,FLAT,61002.5703125,0,105664.49609375
2023-02-20,FLAT,60691.5390625,0,105664.49609375
2023-02-21,FLAT,60672.71875,0,105664.49609375
2023-02-22,FLAT,59744.98046875,0,105664.49609375
2023-02-23,FLAT,59605.80078125,0,105664.49609375
2023-02-24,FLAT,59463.9296875,0,105664.49609375
2023-02-27,FLAT,59288.3515625,0,105664.49609375
2023-02-28,FLAT,58962.12109375,0,105664.49609375
2023-03-01,FLAT,59411.078125,0,105664.49609375
2023-03-02,FLAT,58909.3515625,0,105664.49609375
2023-03-03,FLAT,59808.96875,0,105664.49609375
2023-03-06,FLAT,60224.4609375,0,105664.49609375
2023-03-08,FLAT,60348.08984375,0,105664.49609375
2023-03-09,FLAT,59806.28125,0,105664.49609375
2023-03-10,FLAT,59135.12890625,0,105664.49609375
2023-03-13,SHORT,58237.8515625,-1,106002.15625
2023-03-14,SHORT,57900.19140625,-1,106346.44921875
2023-03-15,SHORT,57555.8984375,-1,106267.5078125
2023-03-16,SHORT,57634.83984375,-1,105912.44921875
2023-03-17,SHORT,57989.8984375,-1,106273.3984375
2023-03-20,SHORT,57628.94921875,-1,105827.66796875
2023-03-21,SHORT,58074.6796875,-1,105822.66796875
2023-03-22,SHORT,58214.58984375,-1,102132.73828125
2023-05-11,FLAT,61904.51953125,0,102127.73828125
2023-05-12,FLAT,62027.8984375,0,102127.73828125
2023-05-15,FLAT,62345.7109375,0,102127.73828125
2023-05-16,FLAT,61932.46875,0,102127.73828125
2023-05-17,FLAT,61560.640625,0,102127.73828125
2023-05-18,FLAT,61431.73828125,0,102127.73828125
2023-05-19,FLAT,61729.6796875,0,102127.73828125
2023-05-22,FLAT,61963.6796875,0,102127.73828125
2023-05-23,FLAT,61981.7890625,0,102127.73828125
2023-05-24,FLAT,61773.78125,0,102127.73828125
2023-05-25,FLAT,61872.62109375,0,102127.73828125
2023-05-26,FLAT,62501.69140625,0,102127.73828125
2023-05-29,FLAT,62846.37890625,0,102127.73828125
2023-05-30,FLAT,62969.12890625,0,102127.73828125
2023-05-31,FLAT,62622.23828125,0,102127.73828125
2023-06-01,FLAT,62428.5390625,0,102127.73828125
2023-06-02,FLAT,62547.109375,0,102127.73828125
2023-06-05,FLAT,62787.46875,0,102127.73828125
2023-06-06,FLAT,62792.87890625,0,102127.73828125
2023-06-07,FLAT,63142.9609375,0,102127.73828125
2023-06-08,FLAT,62848.640625,0,102127.73828125
2023-06-09,FLAT,62625.62890625,0,102127.73828125
2023-06-12,FLAT,62724.7109375,0,102127.73828125
2023-06-13,FLAT,63143.16015625,0,102127.73828125
2023-06-14,FLAT,63228.51171875,0,102127.73828125
2023-06-15,FLAT,62917.62890625,0,102127.73828125
2023-06-16,FLAT,63384.578125,0,102127.73828125
2023-06-19,FLAT,63168.30078125,0,102127.73828125
2023-06-20,FLAT,63327.69921875,0,102127.73828125
2023-06-21,FLAT,63523.1484375,0,102127.73828125
2023-06-22,FLAT,63238.890625,0,102127.73828125
2023-06-23,FLAT,62979.37109375,0,102127.73828125
2023-06-26,FLAT,62970.0,0,102127.73828125
2023-06-27,FLAT,63416.03125,0,102127.73828125
2023-06-28,FLAT,63915.421875,0,102127.73828125
2023-06-30,FLAT,64718.55859375,0,102127.73828125
2023-07-03,FLAT,65205.05078125,0,102127.73828125
2023-07-04,FLAT,65479.05078125,0,102127.73828125
2023-07-05,FLAT,65446.0390625,0,102127.73828125
2023-07-06,FLAT,65785.640625,0,102127.73828125
2023-07-07,FLAT,65280.44921875,0,102127.73828125
2023-07-10,FLAT,65344.171875,0,102127.73828125
2023-07-11,FLAT,65617.84375,0,102127.73828125
2023-07-12,FLAT,65393.8984375,0,102127.73828125
2023-07-13,FLAT,65558.890625,0,102127.73828125
2023-07-14,FLAT,66060.8984375,0,102127.73828125
2023-07-17,FLAT,66589.9296875,0,102127.73828125
2023-07-18,FLAT,66795.140625,0,102127.73828125
2023-07-19,FLAT,67097.4375,0,102127.73828125
2023-07-20,FLAT,67571.8984375,0,102127.73828125
2023-07-21,FLAT,66684.2578125,0,102127.73828125
2023-07-24,FLAT,66384.78125,0,102127.73828125
2023-07-25,FLAT,66355.7109375,0,102127.73828125
2023-07-26,FLAT,66707.203125,0,102127.73828125
2023-07-27,FLAT,66266.8203125,0,102127.73828125
2023-07-28,FLAT,66160.203125,0,102127.73828125
2023-07-31,FLAT,66527.671875,0,102127.73828125
2023-08-01,FLAT,66459.3125,0,102127.73828125
2023-08-02,FLAT,65782.78125,0,102127.73828125
2023-08-03,FLAT,65240.6796875,0,102127.73828125
2023-08-04,FLAT,65721.25,0,102127.73828125
2023-08-07,FLAT,65953.4765625,0,102127.73828125
2023-08-08,FLAT,65846.5,0,102127.73828125
2023-08-09,FLAT,65995.8125,0,102127.73828125
2023-08-10,FLAT,65688.1796875,0,102127.73828125
2023-08-11,FLAT,65322.6484375,0,102127.73828125
2023-08-14,FLAT,65401.921875,0,102127.73828125
2023-08-16,FLAT,65539.421875,0,102127.73828125
2023-09-29,FLAT,65828.40625,0,102127.73828125
2023-10-03,FLAT,65512.1015625,0,102127.73828125
2023-10-04,FLAT,65226.0390625,0,102127.73828125
2023-10-05,FLAT,65631.5703125,0,102127.73828125
2023-10-06,FLAT,65995.6328125,0,102127.73828125
2023-10-09,FLAT,65512.390625,0,102127.73828125
2023-10-10,FLAT,66079.359375,0,102127.73828125
2023-10-11,FLAT,66473.046875,0,102127.73828125
2023-10-12,FLAT,66408.390625,0,102127.73828125
2023-10-13,FLAT,66282.7421875,0,102127.73828125
2023-10-16,FLAT,66166.9296875,0,102127.73828125
2023-10-17,FLAT,66428.09375,0,102127.73828125
2023-10-18,FLAT,65877.0234375,0,102127.73828125
2023-10-19,FLAT,65629.2421875,0,102127.73828125
2023-10-20,FLAT,65397.62109375,0,102127.73828125
2023-10-23,SHORT,64571.87890625,-1,102650.55859375
2023-10-25,SHORT,64049.05859375,-1,103551.46875
2023-10-26,SHORT,63148.1484375,-1,102916.81640625
2023-10-27,SHORT,63782.80078125,-1,102586.96875
2023-10-30,SHORT,64112.6484375,-1,102824.6875
2023-10-31,SHORT,63874.9296875,-1,103108.2890625
2023-11-01,SHORT,63591.328125,-1,103103.2890625
2023-11-02,SHORT,64080.8984375,-1,102820.40625
2023-11-03,FLAT,64363.78125,0,102815.40625
2023-11-06,FLAT,64958.69140625,0,102815.40625
2023-11-07,FLAT,64942.3984375,0,102815.40625
2023-11-08,FLAT,64975.609375,0,102815.40625
2023-11-09,FLAT,64832.19921875,0,102815.40625
2023-11-10,FLAT,64904.6796875,0,102815.40625
2023-11-13,FLAT,64933.87109375,0,102815.40625
2023-11-15,FLAT,65675.9296875,0,102815.40625
2023-11-16,FLAT,65982.4765625,0,102815.40625
2023-11-17,FLAT,65794.7265625,0,102815.40625
2023-11-20,FLAT,65655.1484375,0,102815.40625
2023-11-21,FLAT,65930.7734375,0,102815.40625
2023-11-22,FLAT,66023.2421875,0,102815.40625
2023-11-23,FLAT,66017.8125,0,102815.40625
2023-11-24,FLAT,65970.0390625,0,102815.40625
2023-11-28,FLAT,66174.203125,0,102815.40625
2023-11-29,FLAT,66901.90625,0,102815.40625
2023-11-30,FLAT,66988.4375,0,102815.40625
2023-12-01,FLAT,67481.1875,0,102815.40625
2023-12-04,FLAT,68865.1171875,0,102815.40625
2023-12-05,FLAT,69296.140625,0,102815.40625
2023-12-06,FLAT,69653.7265625,0,102815.40625
2023-12-07,FLAT,69521.6875,0,102815.40625
2023-12-08,FLAT,69825.6015625,0,102815.40625
2023-12-11,FLAT,69928.53125,0,102815.40625
2023-12-12,FLAT,69551.03125,0,102815.40625
2023-12-13,FLAT,69584.6015625,0,102815.40625
2023-12-14,FLAT,70514.203125,0,102815.40625
2023-12-15,FLAT,71483.75,0,102815.40625
2023-12-18,FLAT,71315.09375,0,102815.40625
2023-12-19,FLAT,71437.1875,0,102815.40625
2023-12-20,FLAT,70506.3125,0,102815.40625
2023-12-21,FLAT,70865.1015625,0,102815.40625
2023-12-22,FLAT,71106.9609375,0,102815.40625
2023-12-26,FLAT,71336.796875,0,102815.40625
2023-12-27,FLAT,72038.4296875,0,102815.40625
2023-12-28,FLAT,72410.3828125,0,102815.40625
2023-12-29,FLAT,72240.2578125,0,102815.40625
2024-01-02,FLAT,71892.4765625,0,102815.40625
2024-01-03,FLAT,71356.6015625,0,102815.40625
2024-01-04,FLAT,71847.5703125,0,102815.40625
2024-01-05,FLAT,72026.1484375,0,102815.40625
2024-01-08,FLAT,71355.21875,0,102815.40625
2024-01-09,FLAT,71386.2109375,0,102815.40625
2024-01-10,FLAT,71657.7109375,0,102815.40625
2024-01-11,FLAT,71721.1796875,0,102815.40625
2024-01-12,FLAT,72568.453125,0,102815.40625
2024-01-15,FLAT,73327.9375,0,102815.40625
2024-01-16,FLAT,73128.7734375,0,102815.40625
2024-01-17,FLAT,71500.7578125,0,102815.40625
2024-01-18,FLAT,71186.859375,0,102815.40625
2024-01-19,FLAT,71683.2265625,0,102815.40625
2024-01-23,FLAT,70370.546875,0,102815.40625
2024-01-24,FLAT,71060.3125,0,102815.40625
2024-01-25,FLAT,70700.671875,0,102815.40625
2024-01-29,FLAT,71941.5703125,0,102815.40625
2024-01-30,FLAT,71139.8984375,0,102815.40625
2024-01-31,FLAT,71752.109375,0,102815.40625
2024-02-01,FLAT,71645.296875,0,102815.40625
2024-02-02,FLAT,72085.6328125,0,102815.40625
2024-02-05,FLAT,71731.421875,0,102815.40625
2024-02-06,FLAT,72186.09375,0,102815.40625
2024-02-07,FLAT,72152.0,0,102815.40625
2024-02-08,FLAT,71428.4296875,0,102815.40625
2024-02-09,FLAT,71595.4921875,0,102815.40625
2024-02-12,FLAT,71072.4921875,0,102815.40625
2024-02-13,FLAT,71555.1875,0,102815.40625
2024-02-14,FLAT,71822.828125,0,102815.40625
2024-02-15,FLAT,72050.3828125,0,102815.40625
2024-02-16,FLAT,72426.640625,0,102815.40625
2024-02-19,FLAT,72708.15625,0,102815.40625
2024-05-17,FLAT,73917.03125,0,102815.40625
2024-05-21,FLAT,73953.3125,0,102815.40625
2024-05-22,FLAT,74221.0625,0,102815.40625
2024-05-23,FLAT,75418.0390625,0,102815.40625
2024-05-24,FLAT,75410.390625,0,102815.40625
2024-05-27,FLAT,75390.5,0,102815.40625
2024-05-28,FLAT,75170.453125,0,102815.40625
2024-05-29,FLAT,74502.8984375,0,102815.40625
2024-05-30,FLAT,73885.6015625,0,102815.40625
2024-05-31,FLAT,73961.3125,0,102815.40625
2024-06-03,FLAT,76468.78125,0,102815.40625
2024-06-04,SHORT,72079.046875,-1,100512.2109375
2024-06-05,SHORT,74382.2421875,-1,99819.9453125
2024-06-06,SHORT,75074.5078125,-1,98201.09375
2024-06-07,SHORT,76693.359375,-1,98404.375
2024-06-10,SHORT,76490.078125,-1,98437.859375
2024-06-11,SHORT,76456.59375,-1,98287.8828125
2024-06-12,SHORT,76606.5703125,-1,98282.8828125
2024-06-13,SHORT,76810.8984375,-1,98101.0078125
2024-06-14,FLAT,76992.7734375,0,98096.0078125
2024-06-18,FLAT,77301.140625,0,98096.0078125
2024-06-19,FLAT,77337.59375,0,98096.0078125
2024-06-20,FLAT,77478.9296875,0,98096.0078125
2024-06-21,FLAT,77209.8984375,0,98096.0078125
2024-06-24,FLAT,77341.078125,0,98096.0078125
2024-06-25,FLAT,78053.5234375,0,98096.0078125
2024-06-26,FLAT,78674.25,0,98096.0078125
2024-06-27,FLAT,79243.1796875,0,98096.0078125
2024-06-28,FLAT,79032.7265625,0,98096.0078125
2024-07-01,FLAT,79476.1875,0,98096.0078125
2024-07-02,FLAT,79441.453125,0,98096.0078125
2024-07-03,FLAT,79986.796875,0,98096.0078125
2024-08-19,FLAT,80424.6796875,0,98096.0078125
2024-08-20,FLAT,80802.859375,0,98096.0078125
2024-08-21,FLAT,80905.296875,0,98096.0078125
2024-08-22,FLAT,81053.1875,0,98096.0078125
2024-08-23,FLAT,81086.2109375,0,98096.0078125
2024-08-26,FLAT,81698.109375,0,98096.0078125
2024-08-27,FLAT,81711.7578125,0,98096.0078125
2024-08-28,FLAT,81785.5625,0,98096.0078125
2024-08-29,FLAT,82134.609375,0,98096.0078125
2024-08-30,FLAT,82365.7734375,0,98096.0078125
2024-09-02,FLAT,82559.84375,0,98096.0078125
2024-09-03,FLAT,82555.4375,0,98096.0078125
2024-09-04,FLAT,82352.640625,0,98096.0078125
2024-09-05,FLAT,82201.15625,0,98096.0078125
2024-09-06,FLAT,81183.9296875,0,98096.0078125
2024-09-09,FLAT,81559.5390625,0,98096.0078125
2024-09-10,FLAT,81921.2890625,0,98096.0078125
2024-09-11,FLAT,81523.15625,0,98096.0078125
2024-09-12,FLAT,82962.7109375,0,98096.0078125
2024-09-13,FLAT,82890.9375,0,98096.0078125
2024-09-16,FLAT,82988.78125,0,98096.0078125
2024-09-17,FLAT,83079.65625,0,98096.0078125
2024-09-18,FLAT,82948.2265625,0,98096.0078125
2024-09-19,FLAT,83184.796875,0,98096.0078125
2024-09-20,FLAT,84544.3125,0,98096.0078125
2024-09-23,FLAT,84928.609375,0,98096.0078125
2024-09-24,FLAT,84914.0390625,0,98096.0078125
2024-09-25,FLAT,85169.8671875,0,98096.0078125
2024-09-26,FLAT,85836.1171875,0,98096.0078125
2024-09-27,FLAT,85571.8515625,0,98096.0078125
2024-09-30,FLAT,84299.78125,0,98096.0078125
2024-10-01,FLAT,84266.2890625,0,98096.0078125
2024-10-03,FLAT,82497.1015625,0,98096.0078125
2024-10-04,FLAT,81688.453125,0,98096.0078125
2024-10-07,SHORT,81050.0,-1,97511.1953125
2024-10-08,SHORT,81634.8125,-1,97678.90625
2024-10-09,SHORT,81467.1015625,-1,97534.6015625
2024-10-10,SHORT,81611.40625,-1,97764.6484375
2024-10-11,SHORT,81381.359375,-1,97172.9609375
2024-10-14,SHORT,81973.046875,-1,97325.890625
2024-10-15,SHORT,81820.1171875,-1,97320.890625
2024-10-16,SHORT,81501.359375,-1,97815.640625
2024-10-17,FLAT,81006.609375,0,97810.640625
2024-10-18,FLAT,81224.75,0,97810.640625
2024-10-21,FLAT,81151.2734375,0,97810.640625
2024-10-22,SHORT,80220.71875,-1,97949.3828125
2024-10-23,SHORT,80081.9765625,-1,97966.203125
2024-10-24,SHORT,80065.15625,-1,98629.0703125
2024-10-25,SHORT,79402.2890625,-1,98026.3203125
2024-10-28,SHORT,80005.0390625,-1,97662.328125
2024-10-29,SHORT,80369.03125,-1,98089.1796875
2024-10-30,SHORT,79942.1796875,-1,98084.1796875
2024-10-31,SHORT,79389.0625,-1,97749.125
2024-11-01,FLAT,79724.1171875,0,97744.125
2024-11-04,FLAT,78782.2421875,0,97744.125
2024-11-05,FLAT,79476.6328125,0,97744.125
2024-11-06,FLAT,80378.1328125,0,97744.125
2024-11-07,FLAT,79541.7890625,0,97744.125
2024-11-08,FLAT,79486.3203125,0,97744.125
2024-11-11,FLAT,79496.1484375,0,97744.125
2024-11-12,FLAT,78675.1796875,0,97744.125
2024-11-13,SHORT,77690.953125,-1,97854.765625
2024-11-14,SHORT,77580.3125,-1,98096.0703125
2024-11-18,SHORT,77339.0078125,-1,97856.6953125
2024-11-19,SHORT,77578.3828125,-1,98279.2890625
2024-11-21,SHORT,77155.7890625,-1,96317.96875
2024-11-22,SHORT,79117.109375,-1,95325.2265625
2024-11-25,SHORT,80109.8515625,-1,95320.2265625
2024-11-26,SHORT,80004.0625,-1,95090.2109375
2024-11-27,FLAT,80234.078125,0,95085.2109375
2024-11-28,FLAT,79043.7421875,0,95085.2109375
2024-11-29,FLAT,79802.7890625,0,95085.2109375
2024-12-02,FLAT,80248.078125,0,95085.2109375
2024-12-03,FLAT,80845.75,0,95085.2109375
2024-12-04,FLAT,80956.328125,0,95085.2109375
2024-12-05,FLAT,81765.859375,0,95085.2109375
2024-12-06,FLAT,81709.1171875,0,95085.2109375
2024-12-09,FLAT,81508.4609375,0,95085.2109375
2024-12-10,FLAT,81510.046875,0,95085.2109375
2024-12-11,FLAT,81526.140625,0,95085.2109375
2024-12-12,FLAT,81289.9609375,0,95085.2109375
2024-12-13,FLAT,82133.1171875,0,95085.2109375
2024-12-16,FLAT,81748.5703125,0,95085.2109375
2024-12-17,FLAT,80684.453125,0,95085.2109375
2024-12-18,FLAT,80182.203125,0,95085.2109375
2024-12-19,FLAT,79218.046875,0,95085.2109375
2024-12-20,FLAT,78041.59375,0,95085.2109375
2024-12-23,FLAT,78540.171875,0,95085.2109375
2024-12-24,FLAT,78472.8671875,0,95085.2109375
2024-12-26,FLAT,78472.4765625,0,95085.2109375
2024-12-27,FLAT,78699.0703125,0,95085.2109375
2024-12-30,FLAT,78248.1328125,0,95085.2109375
2024-12-31,FLAT,78139.0078125,0,95085.2109375
2025-01-01,FLAT,78507.40625,0,95085.2109375
2025-01-02,FLAT,79943.7109375,0,95085.2109375
2025-01-03,FLAT,79223.109375,0,95085.2109375
2025-01-06,SHORT,77964.9921875,-1,94851.09375
2025-01-07,SHORT,78199.109375,-1,94901.7109375
2025-01-08,SHORT,78148.4921875,-1,95429.9921875
2025-01-09,SHORT,77620.2109375,-1,95671.296875
2025-01-10,SHORT,77378.90625,-1,96720.1953125
2025-01-13,SHORT,76330.0078125,-1,96550.5703125
2025-01-14,SHORT,76499.6328125,-1,96545.5703125
2025-01-15,SHORT,76724.078125,-1,96226.828125
2025-01-16,FLAT,77042.8203125,0,96221.828125
2025-01-17,FLAT,76619.328125,0,96221.828125
2025-01-20,FLAT,77073.4375,0,96221.828125
2025-01-21,LONG,75838.359375,1,96788.4609375
2025-01-22,LONG,76404.9921875,1,96903.8515625
2025-01-23,LONG,76520.3828125,1,96573.9296875
2025-01-24,LONG,76190.4609375,1,95749.640625
2025-01-27,LONG,75366.171875,1,96284.875
2025-01-28,LONG,75901.40625,1,96916.4296875
2025-01-29,LONG,76532.9609375,1,96911.4296875
2025-01-30,LONG,76759.8125,1,97652.1875
2025-01-31,FLAT,77500.5703125,0,97647.1875
2025-02-03,FLAT,77186.7421875,0,97647.1875
2025-02-04,FLAT,78583.8125,0,97647.1875
2025-02-05,FLAT,78271.28125,0,97647.1875
2025-02-06,FLAT,78058.15625,0,97647.1875
2025-02-07,FLAT,77860.1875,0,97647.1875
2025-02-10,FLAT,77311.796875,0,97647.1875
2025-02-11,FLAT,76293.6015625,0,97647.1875
2025-02-12,FLAT,76171.078125,0,97647.1875
2025-02-13,FLAT,76138.96875,0,97647.1875
2025-02-14,FLAT,75939.2109375,0,97647.1875
2025-02-17,FLAT,75996.859375,0,97647.1875
2025-02-18,FLAT,75967.390625,0,97647.1875
2025-02-19,FLAT,75939.1796875,0,97647.1875
2025-02-20,FLAT,75735.9609375,0,97647.1875
2025-02-21,FLAT,75311.0625,0,97647.1875
2025-02-24,SHORT,74454.40625,-1,97499.4765625
2025-02-25,SHORT,74602.1171875,-1,97489.1640625
2025-02-27,SHORT,74612.4296875,-1,98903.4921875
2025-02-28,SHORT,73198.1015625,-1,99015.65625
2025-03-03,SHORT,73085.9375,-1,99111.6640625
2025-03-04,SHORT,72989.9296875,-1,98371.3671875
2025-03-05,SHORT,73730.2265625,-1,98366.3671875
2025-03-06,SHORT,74340.09375,-1,98373.8828125
2025-03-07,FLAT,74332.578125,0,98368.8828125
2025-03-10,FLAT,74115.171875,0,98368.8828125
2025-03-11,FLAT,74102.3203125,0,98368.8828125
2025-03-12,FLAT,74029.7578125,0,98368.8828125
2025-03-13,FLAT,73828.90625,0,98368.8828125
2025-03-17,FLAT,74169.953125,0,98368.8828125
2025-03-18,FLAT,75301.2578125,0,98368.8828125
2025-03-19,FLAT,75449.046875,0,98368.8828125
2025-03-20,FLAT,76348.0625,0,98368.8828125
2025-03-21,FLAT,76905.5078125,0,98368.8828125
2025-03-24,FLAT,77984.3828125,0,98368.8828125
2025-03-25,FLAT,78017.1875,0,98368.8828125
2025-03-26,FLAT,77288.5,0,98368.8828125
2025-03-27,FLAT,77606.4296875,0,98368.8828125
2025-03-28,FLAT,77414.921875,0,98368.8828125
2025-04-01,FLAT,76024.5078125,0,98368.8828125
2025-04-02,FLAT,76617.4375,0,98368.8828125
2025-04-03,FLAT,76295.359375,0,98368.8828125
2025-04-04,FLAT,75364.6875,0,98368.8828125
2025-04-07,LONG,73137.8984375,1,99458.0625
2025-04-08,LONG,74227.078125,1,99078.1328125
2025-04-09,LONG,73847.1484375,1,100388.2421875
2025-04-11,LONG,75157.2578125,1,101965.875
2025-04-15,LONG,76734.890625,1,102275.2734375
2025-04-16,LONG,77044.2890625,1,103784.1875
2025-04-17,LONG,78553.203125,1,103779.1875
2025-04-21,LONG,79408.5,1,103966.28125
2025-04-22,FLAT,79595.59375,0,103961.28125
2025-04-23,FLAT,80116.4921875,0,103961.28125
2025-04-24,FLAT,79801.4296875,0,103961.28125
2025-04-25,LONG,79212.53125,1,104967.1171875
2025-04-28,LONG,80218.3671875,1,105037.1328125
2025-04-29,LONG,80288.3828125,1,104990.9921875
2025-04-30,LONG,80242.2421875,1,105250.7421875
2025-05-02,LONG,80501.9921875,1,105545.59375
2025-05-05,LONG,80796.84375,1,105389.8203125
2025-05-06,LONG,80641.0703125,1,105384.8203125
2025-05-07,LONG,80746.78125,1,104972.8515625
2025-05-08,SHORT,80334.8125,-1,105848.1953125
2025-05-09,SHORT,79454.46875,-1,102872.765625
2025-05-12,SHORT,82429.8984375,-1,104154.4453125
2025-05-13,SHORT,81148.21875,-1,103972.1015625
2025-05-14,SHORT,81330.5625,-1,102771.921875
2025-05-15,SHORT,82530.7421875,-1,102972.0703125
2025-05-16,SHORT,82330.59375,-1,102967.0703125
2025-05-19,SHORT,82059.421875,-1,103840.0546875
2025-05-20,FLAT,81186.4375,0,103835.0546875
2025-05-21,FLAT,81596.6328125,0,103835.0546875
2025-05-22,FLAT,80951.9921875,0,103835.0546875
2025-05-23,FLAT,81721.078125,0,103835.0546875
2025-05-26,FLAT,82176.453125,0,103835.0546875
2025-05-27,FLAT,81551.6328125,0,103835.0546875
2025-05-28,FLAT,81312.3203125,0,103835.0546875
2025-05-29,FLAT,81633.0234375,0,103835.0546875
2025-05-30,FLAT,81451.0078125,0,103835.0546875
2025-06-02,FLAT,81373.75,0,103835.0546875
2025-06-03,FLAT,80737.5078125,0,103835.0546875
2025-06-04,FLAT,80998.25,0,103835.0546875
2025-06-05,FLAT,81442.0390625,0,103835.0546875
2025-06-06,FLAT,82188.9921875,0,103835.0546875
2025-06-09,FLAT,82445.2109375,0,103835.0546875
2025-06-10,FLAT,82391.71875,0,103835.0546875
2025-06-11,FLAT,82515.140625,0,103835.0546875
2025-06-12,FLAT,81691.9765625,0,103835.0546875
2025-06-13,FLAT,81118.6015625,0,103835.0546875
2025-06-16,FLAT,81796.1484375,0,103835.0546875
2025-06-17,FLAT,81583.296875,0,103835.0546875
2025-06-18,FLAT,81444.65625,0,103835.0546875
2025-06-19,FLAT,81361.8671875,0,103835.0546875
2025-06-20,FLAT,82408.171875,0,103835.0546875
2025-06-23,FLAT,81896.7890625,0,103835.0546875
2025-06-24,FLAT,82055.109375,0,103835.0546875
2025-06-25,FLAT,82755.5078125,0,103835.0546875
2025-06-26,FLAT,83755.8671875,0,103835.0546875
2025-06-27,FLAT,84058.8984375,0,103835.0546875
2025-06-30,FLAT,83606.4609375,0,103835.0546875
2025-07-01,FLAT,83697.2890625,0,103835.0546875
2025-07-02,FLAT,83409.6875,0,103835.0546875
2025-07-03,FLAT,83239.46875,0,103835.0546875
2025-07-04,FLAT,83432.890625,0,103835.0546875
2025-07-07,FLAT,83442.5,0,103835.0546875
2025-07-08,FLAT,83712.5078125,0,103835.0546875
2025-07-09,FLAT,83536.078125,0,103835.0546875
2025-07-10,FLAT,83190.28125,0,103835.0546875
2025-07-11,FLAT,82500.46875,0,103835.0546875
2025-07-14,FLAT,82253.4609375,0,103835.0546875
2025-07-15,FLAT,82570.90625,0,103835.0546875
2025-07-16,FLAT,82634.4765625,0,103835.0546875
2025-07-17,FLAT,82259.2421875,0,103835.0546875
2025-07-18,SHORT,81757.7265625,-1,103392.4375
2025-07-21,SHORT,82200.34375,-1,103405.96875
2025-07-22,SHORT,82186.8125,-1,102866.140625
2025-07-23,SHORT,82726.640625,-1,103408.609375
2025-07-24,SHORT,82184.171875,-1,104129.6875
2025-07-25,SHORT,81463.09375,-1,104701.7578125
2025-07-28,SHORT,80891.0234375,-1,104696.7578125
2025-07-29,SHORT,81337.953125,-1,104552.8515625
2025-07-30,FLAT,81481.859375,0,104547.8515625
2025-07-31,SHORT,81185.578125,-1,105133.5234375
2025-08-01,SHORT,80599.90625,-1,104714.7109375
2025-08-04,SHORT,81018.71875,-1,105023.1796875
2025-08-05,SHORT,80710.25,-1,105189.4375
2025-08-06,SHORT,80543.9921875,-1,105110.171875
2025-08-07,SHORT,80623.2578125,-1,105875.640625
2025-08-08,SHORT,79857.7890625,-1,105870.640625
2025-08-11,SHORT,80604.078125,-1,106239.125
2025-08-12,LONG,80235.59375,1,106538.4375
2025-08-13,LONG,80539.90625,1,106596.1875
2025-08-14,LONG,80597.65625,1,107272.28125
2025-08-18,LONG,81273.75,1,107642.921875
2025-08-19,LONG,81644.390625,1,107856.375
2025-08-20,LONG,81857.84375,1,107999.2421875
2025-08-21,LONG,82000.7109375,1,107994.2421875
2025-08-22,LONG,81306.8515625,1,108323.296875
2025-08-25,FLAT,81635.90625,0,108318.296875
2025-08-26,FLAT,80786.5390625,0,108318.296875
2025-08-28,FLAT,80080.5703125,0,108318.296875
2025-08-29,FLAT,79809.6484375,0,108318.296875
2025-09-01,FLAT,80364.4921875,0,108318.296875
2025-09-02,FLAT,80157.8828125,0,108318.296875
2025-09-03,FLAT,80567.7109375,0,108318.296875
2025-09-04,FLAT,80718.0078125,0,108318.296875
2025-09-05,FLAT,80710.7578125,0,108318.296875
2025-09-08,FLAT,80787.296875,0,108318.296875
2025-09-09,FLAT,81101.3203125,0,108318.296875
2025-09-10,FLAT,81425.1484375,0,108318.296875
2025-09-11,FLAT,81548.7265625,0,108318.296875
2025-09-12,FLAT,81904.703125,0,108318.296875
2025-09-15,FLAT,81785.7421875,0,108318.296875
2025-09-16,FLAT,82380.6875,0,108318.296875
2025-09-17,FLAT,82693.7109375,0,108318.296875
2025-09-18,FLAT,83013.9609375,0,108318.296875
2025-09-19,FLAT,82626.2265625,0,108318.296875
2025-09-22,FLAT,82159.96875,0,108318.296875
2025-09-23,FLAT,82102.1015625,0,108318.296875
2025-09-24,FLAT,81715.6328125,0,108318.296875
2025-09-25,FLAT,81159.6796875,0,108318.296875
2025-09-26,FLAT,80426.4609375,0,108318.296875
2025-09-29,FLAT,80364.9375,0,108318.296875
2025-09-30,FLAT,80267.6171875,0,108318.296875
2025-10-01,FLAT,80983.3125,0,108318.296875
2025-10-03,FLAT,81207.171875,0,108318.296875
2025-10-06,FLAT,81790.1171875,0,108318.296875
2025-10-07,FLAT,81926.75,0,108318.296875
2025-10-08,FLAT,81773.65625,0,108318.296875
2025-10-09,FLAT,82172.1015625,0,108318.296875
2025-10-10,FLAT,82500.8203125,0,108318.296875
2025-10-13,FLAT,82327.046875,0,108318.296875
2025-10-14,FLAT,82029.9765625,0,108318.296875
2025-10-15,FLAT,82605.4296875,0,108318.296875
2025-10-16,FLAT,83467.65625,0,108318.296875
2025-10-17,FLAT,83952.1875,0,108318.296875
2025-10-20,FLAT,84363.3671875,0,108318.296875
2025-10-21,FLAT,84426.34375,0,108318.296875
2025-10-23,FLAT,84556.3984375,0,108318.296875
2025-10-24,FLAT,84211.8828125,0,108318.296875
2025-10-27,FLAT,84778.84375,0,108318.296875
2025-10-28,FLAT,84628.15625,0,108318.296875
2025-10-29,FLAT,84997.1328125,0,108318.296875
2025-10-30,FLAT,84404.4609375,0,108318.296875
2025-10-31,FLAT,83938.7109375,0,108318.296875
2025-11-03,FLAT,83978.4921875,0,108318.296875
2025-11-04,FLAT,83459.1484375,0,108318.296875
2025-11-06,FLAT,83311.0078125,0,108318.296875
2025-11-07,FLAT,83216.28125,0,108318.296875
2025-11-10,FLAT,83535.3515625,0,108318.296875
2025-11-11,FLAT,83871.3203125,0,108318.296875
2025-11-12,FLAT,84466.5078125,0,108318.296875
2025-11-13,FLAT,84478.671875,0,108318.296875
2025-11-14,FLAT,84562.78125,0,108318.296875
2025-11-17,FLAT,84950.953125,0,108318.296875
2025-11-18,FLAT,84673.0234375,0,108318.296875
2025-11-19,FLAT,85186.46875,0,108318.296875
2025-11-20,FLAT,85632.6796875,0,108318.296875
2025-11-21,FLAT,85231.921875,0,108318.296875
2025-11-24,FLAT,84900.7109375,0,108318.296875
2025-11-25,FLAT,84587.0078125,0,108318.296875
2025-11-26,FLAT,85609.5078125,0,108318.296875
2025-11-27,FLAT,85720.3828125,0,108318.296875
2025-11-28,FLAT,85706.671875,0,108318.296875
2025-12-01,FLAT,85641.8984375,0,108318.296875
2025-12-02,FLAT,85138.2734375,0,108318.296875
2025-12-03,FLAT,85106.8125,0,108318.296875
2025-12-04,FLAT,85265.3203125,0,108318.296875
2025-12-05,FLAT,85712.3671875,0,108318.296875
2025-12-08,FLAT,85102.6875,0,108318.296875
2025-12-09,FLAT,84666.28125,0,108318.296875
2025-12-10,FLAT,84391.2734375,0,108318.296875
2025-12-11,FLAT,84818.1328125,0,108318.296875
2025-12-12,FLAT,85267.65625,0,108318.296875
2025-12-15,FLAT,85213.359375,0,108318.296875
2025-12-16,FLAT,84679.859375,0,108318.296875
2025-12-17,FLAT,84559.6484375,0,108318.296875
2025-12-18,FLAT,84481.8125,0,108318.296875
2025-12-19,FLAT,84929.359375,0,108318.296875
2025-12-22,FLAT,85567.4765625,0,108318.296875
2025-12-23,FLAT,85524.84375,0,108318.296875
2025-12-24,FLAT,85408.703125,0,108318.296875
2025-12-26,FLAT,85041.453125,0,108318.296875
2025-12-29,FLAT,84695.5390625,0,108318.296875
2025-12-30,FLAT,84675.078125,0,108318.296875
2025-12-31,FLAT,85220.6015625,0,108318.296875
2026-01-01,FLAT,85188.6015625,0,108318.296875
2026-01-02,FLAT,85762.0078125,0,108318.296875
2026-01-05,FLAT,85439.6171875,0,108318.296875
2026-01-06,FLAT,85063.34375,0,108318.296875
2026-01-07,FLAT,84961.140625,0,108318.296875
2026-01-08,SHORT,84180.9609375,-1,108923.015625
2026-01-09,SHORT,83576.2421875,-1,108621.0859375
2026-01-12,SHORT,83878.171875,-1,108871.5703125
2026-01-13,SHORT,83627.6875,-1,109116.546875
2026-01-14,SHORT,83382.7109375,-1,108928.90625
2026-01-16,SHORT,83570.3515625,-1,109253.078125
2026-01-19,SHORT,83246.1796875,-1,109248.078125
2026-01-20,SHORT,82180.46875,-1,109518.9140625
2026-01-21,FLAT,81909.6328125,0,109513.9140625
2026-01-22,FLAT,82307.3671875,0,109513.9140625
2026-01-23,SHORT,81537.703125,-1,109194.140625
2026-01-27,SHORT,81857.4765625,-1,108706.9375
2026-01-28,SHORT,82344.6796875,-1,108485.25
2026-01-29,SHORT,82566.3671875,-1,108781.8359375
2026-01-30,SHORT,82269.78125,-1,109385.15625
2026-02-02,SHORT,81666.4609375,-1,107312.484375
2026-02-03,SHORT,83739.1328125,-1,107307.484375
2026-02-04,SHORT,83817.6875,-1,107811.2421875
2026-02-05,FLAT,83313.9296875,0,107806.2421875
2026-02-06,FLAT,83580.3984375,0,107806.2421875
2026-02-09,FLAT,84065.75,0,107806.2421875
2026-02-10,FLAT,84273.921875,0,107806.2421875
2026-02-11,FLAT,84233.640625,0,107806.2421875
2026-02-12,FLAT,83674.921875,0,107806.2421875
2026-02-13,FLAT,82626.7578125,0,107806.2421875
2026-02-16,FLAT,83277.1484375,0,107806.2421875
2026-02-17,FLAT,83450.9609375,0,107806.2421875
2026-02-18,FLAT,83734.25,0,107806.2421875
2026-02-19,FLAT,82498.140625,0,107806.2421875
2026-02-20,FLAT,82814.7109375,0,107806.2421875
2026-02-23,FLAT,83294.65625,0,107806.2421875
2026-02-24,FLAT,82225.921875,0,107806.2421875
2026-02-25,FLAT,82276.0703125,0,107806.2421875
2026-02-26,LONG,82248.609375,1,106844.8203125
2026-02-27,LONG,81287.1875,1,105796.484375
2026-03-02,LONG,80238.8515625,1,104673.8203125
2026-03-04,LONG,79116.1875,1,105573.53125
2026-03-05,LONG,80015.8984375,1,104476.53125
2026-03-06,LONG,78918.8984375,1,103123.7890625
2026-03-09,LONG,77566.15625,1,103118.7890625
2026-03-10,LONG,78205.9765625,1,101776.5234375
2026-03-11,SHORT,76863.7109375,-1,102600.8125
2026-03-12,SHORT,76034.421875,-1,104071.3125
2026-03-13,SHORT,74563.921875,-1,103132.3828125
2026-03-16,SHORT,75502.8515625,-1,102564.390625
2026-03-17,SHORT,76070.84375,-1,101931.1015625
2026-03-18,SHORT,76704.1328125,-1,104427.9921875
2026-03-19,SHORT,74207.2421875,-1,104422.9921875
2026-03-20,SHORT,74532.9609375,-1,106259.5625
2026-03-23,SHORT,72696.390625,-1,104887.5
2026-03-24,LONG,74068.453125,1,106087.5
2026-03-25,LONG,75273.453125,1,104397.265625
2026-03-27,LONG,73583.21875,1,102761.59375
2026-03-30,LONG,71947.546875,1,103948.3671875
2026-04-01,LONG,73134.3203125,1,104133.59375
2026-04-02,LONG,73319.546875,1,104920.8984375
2026-04-06,LONG,74106.8515625,1,104915.8984375
2026-04-07,LONG,74616.578125,1,107862.21875
2026-04-08,FLAT,77562.8984375,0,107857.21875
2026-04-09,SHORT,76631.6484375,-1,106938.6171875
2026-04-10,SHORT,77550.25,-1,107641.296875
2026-04-13,SHORT,76847.5703125,-1,106377.625
2026-04-15,SHORT,78111.2421875,-1,106500.1875
2026-04-16,SHORT,77988.6796875,-1,105995.328125
2026-04-17,SHORT,78493.5390625,-1,105968.5703125
2026-04-20,SHORT,78520.296875,-1,105963.5703125
2026-04-21,SHORT,79273.328125,-1,106720.40625
2026-04-22,LONG,78516.4921875,1,105862.9140625
2026-04-23,LONG,77664.0,1,104863.125
2026-04-24,LONG,76664.2109375,1,105502.546875
2026-04-27,LONG,77303.6328125,1,105085.8203125
2026-04-28,LONG,76886.90625,1,105695.2734375
2026-04-29,LONG,77496.359375,1,105112.4140625
2026-04-30,LONG,76913.5,1,105107.4140625
2026-05-04,LONG,77269.3984375,1,104855.8046875
2026-05-05,SHORT,77017.7890625,-1,103910.0703125
2026-05-06,SHORT,77958.5234375,-1,104024.0703125
2026-05-07,SHORT,77844.5234375,-1,104540.40625
2026-05-08,SHORT,77328.1875,-1,105853.3125
2026-05-11,SHORT,76015.28125,-1,107309.3515625
2026-05-12,SHORT,74559.2421875,-1,107259.6171875
2026-05-13,SHORT,74608.9765625,-1,107254.6171875
2026-05-14,SHORT,75398.71875,-1,107415.34375
2026-05-15,LONG,75237.9921875,1,107487.390625
2026-05-18,LONG,75315.0390625,1,107373.203125
2026-05-19,LONG,75200.8515625,1,107490.7421875
2026-05-20,LONG,75318.390625,1,107355.7109375
2026-05-21,LONG,75183.359375,1,107587.703125
2026-05-22,LONG,75415.3515625,1,108661.3125
2026-05-25,LONG,76488.9609375,1,108656.3125
2026-05-26,LONG,76009.703125,1,108514.40625
2026-05-27,SHORT,75867.796875,-1,109601.4609375
2026-05-29,SHORT,74775.7421875,-1,110109.859375
2026-06-01,SHORT,74267.34375,-1,110109.859375
