Date,Ticker,Headline,Full_Text,Source
2026-06-03 04:17:19+00:00,SENSEX,Sensex falls 800 points: Why is stock market down today? - India Today,Sensex falls 800 points: Why is stock market down today?  India Today,GNews (India Today)
2026-06-03 04:17:19+00:00,SENSEX,Sensex falls 800 points: Why is stock market down today? - India Today,Sensex falls 800 points: Why is stock market down today?  India Today,GNews (India Today)
2026-06-03 03:57:49+00:00,SENSEX,"SENSEX drops over 600 points, NIFTY50 opens at 23,415 as IT stocks drag down indices; TCS, HCL Tech among top losers - Upstox","SENSEX drops over 600 points, NIFTY50 opens at 23,415 as IT stocks drag down indices; TCS, HCL Tech among top losers  Upstox",GNews (Upstox)
2026-06-02 21:53:21+00:00,SENSEX,"Sensex, Nifty End 8th Consecutive Session Lower in Narrow Range - News On AIR","Sensex, Nifty End 8th Consecutive Session Lower in Narrow Range  News On AIR",GNews (News On AIR)
2026-06-02 20:38:25+00:00,SENSEX,"Sensex, Nifty End Lower, Breaking Last Week’s Winning Streak | Akashvani News - News On AIR","Sensex, Nifty End Lower, Breaking Last Week’s Winning Streak | Akashvani News  News On AIR",GNews (News On AIR)
2026-06-02 20:38:25+00:00,SENSEX,"Sensex, Nifty End Lower, Breaking Last Week’s Winning Streak | Akashvani News - News On AIR","Sensex, Nifty End Lower, Breaking Last Week’s Winning Streak | Akashvani News  News On AIR",GNews (News On AIR)
2026-06-02 19:53:58+00:00,SENSEX,"Sensex Tanks 1,353 Points; Nifty Slips 422 Points - News On AIR","Sensex Tanks 1,353 Points; Nifty Slips 422 Points  News On AIR",GNews (News On AIR)
2026-06-02 17:26:49+00:00,SENSEX,"ONDC raises Rs 220 crore from Zoho, Uber, Paytm and BSE Technologies",Open commerce network says participation of new investors validates progress of its interoperable digital commerce ecosystem; fundraise programme to continue,NewsData.io (moneycontrol)
2026-06-02 17:16:46+00:00,SENSEX,"ONDC to raise Rs 430 Cr from SBI, Zoho, Uber, Paytm, Amul and others","Government-backed digital commerce network Open Network for Digital Commerce (ONDC) is raising Rs 430 crore from a group of strategic investors, including Zoho, Uber, Paytm, NSE, BSE Technologies, AMUL, SBI, PNB and others, as it gears up for its next phase of growth under the ONDC 2.0 strategy. According to regulatory filings accessed from the Registrar of Companies (RoC), ONDC has already received Rs 220 crore. SaaS firm Zoho emerged as the largest contributor with Rs 70 crore, while Uber and Paytm invested Rs 60 crore each. BSE Technologies, the technology arm of BSE, infused the remaining Rs 30 crore. As per the filing, the remaining Rs 210 crore is expected to be infused in one or more tranches by a mix of existing and new strategic investors. National Stock Exchange, Quality Council of India, Punjab National Bank, dairy giant Amul, and National Agricultural Cooperative Marketing Federation of India Limited are slated to invest Rs 30 crore each, while State Bank of India will contribute Rs 60 crore. The fresh capital will support ONDC’s transition to its ONDC 2.0 strategy, focused on building a national digital commerce infrastructure. The funds will be deployed toward AI-led and agentic commerce initiatives, digital public infrastructure projects such as DigiCatalog, quality assurance, and expansion across key sectors. Queries sent to ONDC remained unanswered till the time of publication. We will update the story if and when we receive a response. ONDC, backed by the Department for Promotion of Industry and Internal Trade (DPIIT), is building an interoperable ecommerce network designed to reduce entry barriers for businesses. The network processed 218 million transactions in FY26. Last month, Zoho announced its Rs 70 crore investment in ONDC to support the development of sovereign digital infrastructure in India and strengthen technology access for MSMEs.",NewsData.io (entrackr)
2026-06-02 16:26:01+00:00,SENSEX,"Top Stories: IEA’s ‘red zone’ warning, Alphabet AI fundraise, OYO IPO nod, CBSE chair transferred and more","Top 10@10 — CNBC-TV18’s daily newsletter featuring the top 10 stories on markets, corporate updates, economic insights, and financial highlights — delivered at 10 pm.",NewsData.io (cnbctv18)
2026-06-02 16:26:01+00:00,SENSEX,"Top Stories: IEA’s ‘red zone’ warning, Alphabet AI fundraise, OYO IPO nod, CBSE chair transferred and more","Top 10@10 — CNBC-TV18’s daily newsletter featuring the top 10 stories on markets, corporate updates, economic insights, and financial highlights — delivered at 10 pm.",NewsData.io (cnbctv18)
2026-06-02 16:26:01+00:00,SENSEX,"Top Stories: IEA’s ‘red zone’ warning, Alphabet AI fundraise, OYO IPO nod, CBSE chair transferred and more","Top 10@10 — CNBC-TV18’s daily newsletter featuring the top 10 stories on markets, corporate updates, economic insights, and financial highlights — delivered at 10 pm.",NewsData.io (cnbctv18)
2026-06-02 16:02:48+00:00,SENSEX,SENSEX Price Structure Analysis [03.06.2026: Wednesday],"Probable Scenario Analysis for the 03rd of June 2026. The day is Wednesday. (1) Bullish Scenario: There is no observable bullish scenario, as there is no evidence of a higher-highs and lower-lows structure in any timeframe . However, a risky (or doubtful) bullish setup could be activated if the price sustains above the level of 75000. It is not recommended yet, but risky traders can target a few bullish levels above 75000. These risky bullish levels are - 75250, 75500, and 75750. Next, if price forms higher-highs and lower-lows structure above the level of 75750 and decisively trades above the level of 76000, then confident bullishness would emerge in the markets. The confident bullish levels above the level 76000 are - 76250 and 76500. (2) Bearish Scenario: Presently, the price is in a lower-lows and lower-highs structure. However, the sudden bullish move on the expiry day has pushed the price into an indecisive zone. Now level 74500 is a strong support. So, take no bearish trade unless the price decisively breaks down below the level 74500. However, again, the bearish move below the level 74500 would be led by underconfident bears as there is a super strong support at the level 74000. Thus, underconfident bearish levels below the level 74500 are - 74250 and 74000. Next, if the price starts to trade below the level 74000, then there will be a sharp sell-off. The probable confident bearish levels below the level 74000 are - 73750 and 73500. (3) No Trading Zone (NTZ): (75000 - 74500). (4) Zone of Indecision (or doubt or high-risk): (75750 - 74500). (5) Strong Resistance Zone: (75750 - 75000). (6) Range of Consolidation (ROC): (75000 - 74000). Here, the level 74500 is the median of the ROC. Price sustaining above the median (74500) would ensure bullish continuation. On the contrary, if the price sustains below the median (74500), then bearishness would continue. Presently, the price is slightly above the median (74500). Additionally, a breakout above the upper limit of the ROC (i.e., 75000) would motivate the bulls to continue the bullish trend. On the contrary, a breakdown below the lower limit of the ROC (i.e., 74000) would motivate the bears to push down the market. (7) Event: No high-impact event or expiry on Wednesday. However, there are two high-impact events on Friday (05.06.2026) this week - (i) RBI Interest Rate Decision and (ii) GDP Growth Rate. Lastly, geopolitical issues are omnipresent. Thus, markets might behave erratically. Be cautious. (8) Establish intraday bias with respect to the opening price. If price sustains above the opening price, then don't think of shorting. Look for bullish trades only. On the contrary, if the price sustains below the opening price, then don't think of going long. Look for bearish trades in that case. Top-Down Analysis: (1) Monthly TF: Super sideways consolidation for the past four months. Level 76000 is strong resistance, and level 74000 is strong support. The view is indecisive to bearish. (2) Weekly TF: Since February 2026, the market is in a lower-lows and lower-highs structure. For the past four weeks, the market has been sideways. The view is indecisive to bearish. (3) Daily TF: The candle of 02nd June seems like a bullish piercing candle. However, it does not make the scenario bullish. The lower-lows and lower-highs structure is still intact. Strong support level 74000. The strong resistance level is 76000. The view is indecisive to bearish. (4) 30-minute TF: The lower-lows and lower-highs structure is intact. Doubt all the upmove unless price decisively starts to trade above the level 76000. Strong support is 74000. The view is indecisive to bearish. NOTE: (i) All the analyses would fail in the case of a major gap up, gap down, or price structure anomaly. Thus, practice PRAGMATISM in the live session. (ii) Trade only if there is a set-up. Remember, not trading is an extension of the trading activity. (iii) Mark your points. Trade your points. Price is GOD. Anything can happen in the markets. Therefore, always PRACTICE RISK MANAGEMENT. Always PROTECT YOUR CAPITAL . Be RESPONSIBLE. (iv) Be Strategic. Be Courageous. Be Patient. Be Wise. (v) Every day is a new day. Thus, do not carry the baggage of the past successes or failures. Leave the gardens of winning and losing. Establish yourself in equanimity. Always think from a new perspective. (vi) Let the joy of trading drive your effectiveness, not greed or fear. Believe in Possibilities. Happy Trading!",NewsData.io (in_tradingview)
2026-06-02 16:02:48+00:00,SENSEX,SENSEX Price Structure Analysis [03.06.2026: Wednesday],"Probable Scenario Analysis for the 03rd of June 2026. The day is Wednesday. (1) Bullish Scenario: There is no observable bullish scenario, as there is no evidence of a higher-highs and lower-lows structure in any timeframe . However, a risky (or doubtful) bullish setup could be activated if the price sustains above the level of 75000. It is not recommended yet, but risky traders can target a few bullish levels above 75000. These risky bullish levels are - 75250, 75500, and 75750. Next, if price forms higher-highs and lower-lows structure above the level of 75750 and decisively trades above the level of 76000, then confident bullishness would emerge in the markets. The confident bullish levels above the level 76000 are - 76250 and 76500. (2) Bearish Scenario: Presently, the price is in a lower-lows and lower-highs structure. However, the sudden bullish move on the expiry day has pushed the price into an indecisive zone. Now level 74500 is a strong support. So, take no bearish trade unless the price decisively breaks down below the level 74500. However, again, the bearish move below the level 74500 would be led by underconfident bears as there is a super strong support at the level 74000. Thus, underconfident bearish levels below the level 74500 are - 74250 and 74000. Next, if the price starts to trade below the level 74000, then there will be a sharp sell-off. The probable confident bearish levels below the level 74000 are - 73750 and 73500. (3) No Trading Zone (NTZ): (75000 - 74500). (4) Zone of Indecision (or doubt or high-risk): (75750 - 74500). (5) Strong Resistance Zone: (75750 - 75000). (6) Range of Consolidation (ROC): (75000 - 74000). Here, the level 74500 is the median of the ROC. Price sustaining above the median (74500) would ensure bullish continuation. On the contrary, if the price sustains below the median (74500), then bearishness would continue. Presently, the price is slightly above the median (74500). Additionally, a breakout above the upper limit of the ROC (i.e., 75000) would motivate the bulls to continue the bullish trend. On the contrary, a breakdown below the lower limit of the ROC (i.e., 74000) would motivate the bears to push down the market. (7) Event: No high-impact event or expiry on Wednesday. However, there are two high-impact events on Friday (05.06.2026) this week - (i) RBI Interest Rate Decision and (ii) GDP Growth Rate. Lastly, geopolitical issues are omnipresent. Thus, markets might behave erratically. Be cautious. (8) Establish intraday bias with respect to the opening price. If price sustains above the opening price, then don't think of shorting. Look for bullish trades only. On the contrary, if the price sustains below the opening price, then don't think of going long. Look for bearish trades in that case. Top-Down Analysis: (1) Monthly TF: Super sideways consolidation for the past four months. Level 76000 is strong resistance, and level 74000 is strong support. The view is indecisive to bearish. (2) Weekly TF: Since February 2026, the market is in a lower-lows and lower-highs structure. For the past four weeks, the market has been sideways. The view is indecisive to bearish. (3) Daily TF: The candle of 02nd June seems like a bullish piercing candle. However, it does not make the scenario bullish. The lower-lows and lower-highs structure is still intact. Strong support level 74000. The strong resistance level is 76000. The view is indecisive to bearish. (4) 30-minute TF: The lower-lows and lower-highs structure is intact. Doubt all the upmove unless price decisively starts to trade above the level 76000. Strong support is 74000. The view is indecisive to bearish. NOTE: (i) All the analyses would fail in the case of a major gap up, gap down, or price structure anomaly. Thus, practice PRAGMATISM in the live session. (ii) Trade only if there is a set-up. Remember, not trading is an extension of the trading activity. (iii) Mark your points. Trade your points. Price is GOD. Anything can happen in the markets. Therefore, always PRACTICE RISK MANAGEMENT. Always PROTECT YOUR CAPITAL . Be RESPONSIBLE. (iv) Be Strategic. Be Courageous. Be Patient. Be Wise. (v) Every day is a new day. Thus, do not carry the baggage of the past successes or failures. Leave the gardens of winning and losing. Establish yourself in equanimity. Always think from a new perspective. (vi) Let the joy of trading drive your effectiveness, not greed or fear. Believe in Possibilities. Happy Trading!",NewsData.io (in_tradingview)
2026-06-02 16:02:48+00:00,SENSEX,SENSEX Price Structure Analysis [03.06.2026: Wednesday],"Probable Scenario Analysis for the 03rd of June 2026. The day is Wednesday. (1) Bullish Scenario: There is no observable bullish scenario, as there is no evidence of a higher-highs and lower-lows structure in any timeframe . However, a risky (or doubtful) bullish setup could be activated if the price sustains above the level of 75000. It is not recommended yet, but risky traders can target a few bullish levels above 75000. These risky bullish levels are - 75250, 75500, and 75750. Next, if price forms higher-highs and lower-lows structure above the level of 75750 and decisively trades above the level of 76000, then confident bullishness would emerge in the markets. The confident bullish levels above the level 76000 are - 76250 and 76500. (2) Bearish Scenario: Presently, the price is in a lower-lows and lower-highs structure. However, the sudden bullish move on the expiry day has pushed the price into an indecisive zone. Now level 74500 is a strong support. So, take no bearish trade unless the price decisively breaks down below the level 74500. However, again, the bearish move below the level 74500 would be led by underconfident bears as there is a super strong support at the level 74000. Thus, underconfident bearish levels below the level 74500 are - 74250 and 74000. Next, if the price starts to trade below the level 74000, then there will be a sharp sell-off. The probable confident bearish levels below the level 74000 are - 73750 and 73500. (3) No Trading Zone (NTZ): (75000 - 74500). (4) Zone of Indecision (or doubt or high-risk): (75750 - 74500). (5) Strong Resistance Zone: (75750 - 75000). (6) Range of Consolidation (ROC): (75000 - 74000). Here, the level 74500 is the median of the ROC. Price sustaining above the median (74500) would ensure bullish continuation. On the contrary, if the price sustains below the median (74500), then bearishness would continue. Presently, the price is slightly above the median (74500). Additionally, a breakout above the upper limit of the ROC (i.e., 75000) would motivate the bulls to continue the bullish trend. On the contrary, a breakdown below the lower limit of the ROC (i.e., 74000) would motivate the bears to push down the market. (7) Event: No high-impact event or expiry on Wednesday. However, there are two high-impact events on Friday (05.06.2026) this week - (i) RBI Interest Rate Decision and (ii) GDP Growth Rate. Lastly, geopolitical issues are omnipresent. Thus, markets might behave erratically. Be cautious. (8) Establish intraday bias with respect to the opening price. If price sustains above the opening price, then don't think of shorting. Look for bullish trades only. On the contrary, if the price sustains below the opening price, then don't think of going long. Look for bearish trades in that case. Top-Down Analysis: (1) Monthly TF: Super sideways consolidation for the past four months. Level 76000 is strong resistance, and level 74000 is strong support. The view is indecisive to bearish. (2) Weekly TF: Since February 2026, the market is in a lower-lows and lower-highs structure. For the past four weeks, the market has been sideways. The view is indecisive to bearish. (3) Daily TF: The candle of 02nd June seems like a bullish piercing candle. However, it does not make the scenario bullish. The lower-lows and lower-highs structure is still intact. Strong support level 74000. The strong resistance level is 76000. The view is indecisive to bearish. (4) 30-minute TF: The lower-lows and lower-highs structure is intact. Doubt all the upmove unless price decisively starts to trade above the level 76000. Strong support is 74000. The view is indecisive to bearish. NOTE: (i) All the analyses would fail in the case of a major gap up, gap down, or price structure anomaly. Thus, practice PRAGMATISM in the live session. (ii) Trade only if there is a set-up. Remember, not trading is an extension of the trading activity. (iii) Mark your points. Trade your points. Price is GOD. Anything can happen in the markets. Therefore, always PRACTICE RISK MANAGEMENT. Always PROTECT YOUR CAPITAL . Be RESPONSIBLE. (iv) Be Strategic. Be Courageous. Be Patient. Be Wise. (v) Every day is a new day. Thus, do not carry the baggage of the past successes or failures. Leave the gardens of winning and losing. Establish yourself in equanimity. Always think from a new perspective. (vi) Let the joy of trading drive your effectiveness, not greed or fear. Believe in Possibilities. Happy Trading!",NewsData.io (in_tradingview)
2026-06-02 14:55:35+00:00,SENSEX,Rupee falls 17 paise to close at 95.36 against US dollar,"Mumbai, Jun 2 (PTI) The rupee depreciated 17 paise to close at 95.36 against the US dollar on Tuesday, as global crude oil prices jumped and the American currency remained firm amid massive safe-haven inflows. Forex traders said significant foreign fund outflows also weighed on the investor sentiments. At the interbank foreign exchange market, the rupee opened at 95.16 against the US dollar, then touched an intraday high of 95.03 and a low of 95.31. At the end of Tuesday's trading session, the rupee was quoted at 95.36, down 17 paise from its previous close. On Monday, the rupee depreciated 34 paise to close at 95.19 against the US dollar. ""We expect the rupee to trade with a negative bias on renewed geopolitical tensions and a surge in crude oil prices. Strength in the dollar may also put pressure on the rupee. However, continued peace talks may prevent a sharp fall,"" said Anuj Choudhary, Research Analyst at Mirae Asset ShareKhan. Investors may watch out for the Reserve Bank of India (RBI) monetary policy this week, Choudhary said, adding that the USDINR spot price is expected to trade in a range of 94.90 to 95.50. The RBI Monetary Policy Committee meeting is scheduled for June 3-5. The six-member MPC, headed by RBI Governor Sanjay Malhotra, will announce its decision on June 5. Meanwhile, the dollar index, which gauges the greenback's strength against a basket of six currencies, was trading at 99.12, down 0.08 per cent. Brent crude, the global oil benchmark, was trading lower by 1.66 per cent at USD 93.40 per barrel in futures trade. On the domestic equity market front, Sensex climbed 382.50 points to settle at 74,649.84, while the Nifty gained 100.95 points to 23,483.55. Foreign institutional investors offloaded equities worth Rs 8,362.92 crore on a net basis on Tuesday, according to exchange data. On the domestic macroeconomic front, India's industrial production expanded by 4.9 per cent in April, while manufacturing output grew 6.2 per cent. Moreover, according to the latest data released by the Controller General of Accounts on Monday, the government successfully met its fiscal deficit target of 4.4 per cent of GDP for FY26, exactly matching its budget estimate. Meanwhile, US President Donald Trump on Monday said talks were continuing with Iran at a rapid pace. Trump also said that he has persuaded Prime Minister Benjamin Netanyahu to call off the strike on Beirut, following which the Israeli leader ""turned his troops around"". PTI DRR TRB TRB TRB",NewsData.io (newsdrum_in)
2026-06-02 14:05:06+00:00,SENSEX,"IT stocks recovery arrests Sensex, Nifty slide","IT stocks lead recovery in Indian markets, reversing losses despite geopolitical tensions and foreign selling pressures.",NewsData.io (thehindubusinessline)
2026-06-02 14:05:06+00:00,SENSEX,"IT stocks recovery arrests Sensex, Nifty slide","IT stocks lead recovery in Indian markets, reversing losses despite geopolitical tensions and foreign selling pressures.",NewsData.io (thehindubusinessline)
2026-06-02 13:36:56+00:00,SENSEX,Sensex Prediction for Wednesday by experts: Index rebound set to face vital 75000 hurdle on June 3; key technical levels to watch,"Sensex Prediction for Wednesday, June 3 by experts: The benchmark BSE Sensex is expected to witness a cautiously positive start on Wednesday, as technical indicators point to improving market sentiment following a strong recovery from key support levels.",NewsData.io (etnownews)
2026-06-02 12:35:36+00:00,SENSEX,IT stocks surge; TCS jumps 6.5 pc,"New Delhi, Jun 2 (PTI) IT stocks were in heavy demand on Tuesday, with Tata Consultancy Services surging 6.5 per cent, propelling a rebound in the broader equity market. Hexaware Technologies soared 6.99 per cent, Tata Consultancy Services (TCS) jumped 6.53 per cent, Infosys surged 5.66 per cent, HCL Tech climbed 4.08 per cent, Tech Mahindra went up by 1.76 per cent, and Wipro edged higher by 1.65 per cent on the BSE. The BSE IT index climbed 4.40 per cent. The 30-share BSE Sensex rallied 382.50 points, or 0.52 per cent, to settle at 74,649.84. The 50-share NSE Nifty rose by 100.95 points, or 0.43 per cent, to end at 23,483.55. IT stocks had rallied on Monday also. ""The primary driver behind the recovery was the explosive rally in the IT sector. The Nifty IT index surged over 4 per cent, with heavyweights such as TCS and Infosys leading the gains. ""The move was fuelled by strong earnings and guidance from major US technology companies, reinforcing the view that global AI, cloud, and enterprise technology spending remains resilient despite broader economic uncertainty,"" Hariprasad K, Research Analyst and Founder, Livelong Wealth, said. Markets recovered from initial losses, led by gains in the IT sector, Vinod Nair, Head of Research, Geojit Investments Limited, said. PTI SUM SUM BAL BAL",NewsData.io (newsdrum_in)
2026-06-02 12:15:03+00:00,SENSEX,Stock markets snap 4-day losses led by strong rally in IT firms; Sensex up 382 pts,"Mumbai, Jun 2 (PTI) Snapping the four-day losing streak, benchmark BSE Sensex rebounded by 382 points on Tuesday following a strong rally in IT shares. The 30-share BSE Sensex climbed 382.50 points, or 0.52 per cent, to settle at 74,649.84 with 20 of its constituents ending higher and 10 with losses. The barometer jumped 1,047.07 [...]",NewsData.io (theprint)
2026-06-02 11:27:39+00:00,SENSEX,"Sensex, Nifty slip in early trade as West Asia tensions weigh on sentiment - DD News","Sensex, Nifty slip in early trade as West Asia tensions weigh on sentiment  DD News",GNews (DD News)
2026-06-02 10:30:12+00:00,SENSEX,The SENSEX Index Closes 0.64% Higher - TradingView,The SENSEX Index Closes 0.64% Higher  TradingView,GNews (TradingView)
2026-06-02 07:51:00+00:00,SENSEX,Meesho partners with BSE to accelerate SME IPO readiness for MSMEs in India - Adgully.com,Meesho partners with BSE to accelerate SME IPO readiness for MSMEs in India  Adgully.com,GNews (Adgully.com)
2026-06-02 00:50:51+00:00,SENSEX,Sensex Today | Stock Market LIVE Updates: Nifty bulls aim to prevent re-test of May series lows amidst Iran jitters - LinkedIn,Sensex Today | Stock Market LIVE Updates: Nifty bulls aim to prevent re-test of May series lows amidst Iran jitters  LinkedIn,GNews (LinkedIn)
2026-06-01 08:41:18+00:00,SENSEX,"Sensex, Nifty decline over 0.6% - News On AIR","Sensex, Nifty decline over 0.6%  News On AIR",GNews (News On AIR)
2026-06-01 05:44:04+00:00,SENSEX,"Sensex, Nifty rebound in early trade on blue-chip buying, Asian rally - The Hindu","Sensex, Nifty rebound in early trade on blue-chip buying, Asian rally  The Hindu",GNews (The Hindu)
2026-06-01 01:04:50+00:00,SENSEX,Sensex Today | Stock Market LIVE Updates: Nifty looks to hold key supports ahead of RBI policy this week - LinkedIn,Sensex Today | Stock Market LIVE Updates: Nifty looks to hold key supports ahead of RBI policy this week  LinkedIn,GNews (LinkedIn)
2026-05-31 07:00:00+00:00,SENSEX,BSE Sensex Total Return: 116857.29 (May 2026) — Historical Chart & Data - GuruFocus,BSE Sensex Total Return: 116857.29 (May 2026) — Historical Chart & Data  GuruFocus,GNews (GuruFocus)
2026-05-29 10:19:28+00:00,SENSEX,"Bears take charge in final hour: NIFTY50, BSE SENSEX tumble 1.5%; IndiGo, ONGC among top losers - Upstox","Bears take charge in final hour: NIFTY50, BSE SENSEX tumble 1.5%; IndiGo, ONGC among top losers  Upstox",GNews (Upstox)
2026-05-29 09:35:29+00:00,SENSEX,"India's BSE To Conduct Mock Trading On May 30 For Currency, Commodity, Equity Derivatives And Equity Segment - TradingView","India's BSE To Conduct Mock Trading On May 30 For Currency, Commodity, Equity Derivatives And Equity Segment  TradingView",GNews (TradingView)
2026-05-29 09:17:38+00:00,SENSEX,"Sensex, Nifty Trade Over 0.5% Lower in Forenoon Session - News On AIR","Sensex, Nifty Trade Over 0.5% Lower in Forenoon Session  News On AIR",GNews (News On AIR)
2026-05-29 07:30:00+00:00,SENSEX,Mangalam Worldwide secures NSE–BSE dual listing - Manufacturing Today India,Mangalam Worldwide secures NSE–BSE dual listing  Manufacturing Today India,GNews (Manufacturing Today India)
2026-05-29 07:00:00+00:00,SENSEX,BSE Sensex Index: 74775.74 (May 2026) — Historical Chart & Data - GuruFocus,BSE Sensex Index: 74775.74 (May 2026) — Historical Chart & Data  GuruFocus,GNews (GuruFocus)
2026-05-29 07:00:00+00:00,SENSEX,BSE Sensex Index: 74775.74 (May 2026) — Historical Chart & Data - GuruFocus,BSE Sensex Index: 74775.74 (May 2026) — Historical Chart & Data  GuruFocus,GNews (GuruFocus)
2026-05-28 22:07:00+00:00,SENSEX,"Top Losers Today - NSE Top Losers Stocks Live, BSE Top Losers Shares Today - The Economic Times","Top Losers Today - NSE Top Losers Stocks Live, BSE Top Losers Shares Today  The Economic Times",GNews (The Economic Times)
2026-05-28 17:50:13+00:00,SENSEX,Sensex and Nifty Snap Three-Day Losing Streak - News On AIR,Sensex and Nifty Snap Three-Day Losing Streak  News On AIR,GNews (News On AIR)
2026-05-28 16:32:48+00:00,SENSEX,"The Domestic Benchmark indices, Sensex and Nifty ended in Green today. The market opened higher in early trade and remained positive despite sharp drop at the closing bell. | Akashvani News - News On AIR","The Domestic Benchmark indices, Sensex and Nifty ended in Green today. The market opened higher in early trade and remained positive despite sharp drop at the closing bell. | Akashvani News  News On AIR",GNews (News On AIR)
2026-05-28 09:58:02+00:00,SENSEX,"Sensex & Nifty open lower, tracking weak cues from Asian markets - News On AIR","Sensex & Nifty open lower, tracking weak cues from Asian markets  News On AIR",GNews (News On AIR)
2026-05-28 07:03:44+00:00,SENSEX,"Sensex, Nifty end with gains - News On AIR","Sensex, Nifty end with gains  News On AIR",GNews (News On AIR)
2026-05-28 03:18:48+00:00,SENSEX,"NSE, BSE closed today for Bakri Id. Here's when stock markets reopen - India Today","NSE, BSE closed today for Bakri Id. Here's when stock markets reopen  India Today",GNews (India Today)
2026-05-27 10:30:12+00:00,SENSEX,The SENSEX Index Closes 0.19% Lower - TradingView,The SENSEX Index Closes 0.19% Lower  TradingView,GNews (TradingView)
2026-05-27 10:11:16+00:00,SENSEX,"Stock Market Today : Benchmark indices close firmer; Sensex settles 355 points higher at 77,269, Nifty up 121 points at 24,119 - BusinessLine","Stock Market Today : Benchmark indices close firmer; Sensex settles 355 points higher at 77,269, Nifty up 121 points at 24,119  BusinessLine",GNews (BusinessLine)
2026-05-27 05:20:11+00:00,SENSEX,"Coal India Ltd Slips 5.18%, BSE Energy index Shed 1.34% - Business Standard","Coal India Ltd Slips 5.18%, BSE Energy index Shed 1.34%  Business Standard",GNews (Business Standard)
2026-05-26 19:29:34+00:00,SENSEX,Stock Market: BSE Sensex climbed over 230 points & NSE Nifty rallied over 74 points - News On AIR,Stock Market: BSE Sensex climbed over 230 points & NSE Nifty rallied over 74 points  News On AIR,GNews (News On AIR)
2026-05-26 01:25:11+00:00,SENSEX,"Stock Market Holiday Big Update: Will BSE, NSE remain closed for Eid al-Adha? Check details here - India.Com","Stock Market Holiday Big Update: Will BSE, NSE remain closed for Eid al-Adha? Check details here  India.Com",GNews (India.Com)
2026-05-25 07:00:00+00:00,SENSEX,"Sensex jumps 1,100 points: Why is stock market rising today? - India Today","Sensex jumps 1,100 points: Why is stock market rising today?  India Today",GNews (India Today)
